Workbook

Sheet 2월
A1: 2월 | B1: 담당자 | C1: 매체분석 | I1: DB효율 | N1: 매출분석
C2: 작성시점 | D2: 노출량 | E2: 클릭 | F2: 클릭당 단가 (원) CPC (광고집행비/클릭) | G2: 클릭률 CTR (클릭/노출량) | H2: 주간 집행 광고비 | I2: DB수량 | J2: DB전환률 (DB수량/클릭) | K2: DB단가 (광고비/DB수량) | L2: 미팅전환 건수 | M2: 미팅전환률 (미팅건수/DB수량) | N2: 수당 매출 | O2: 클로징 건수 | P2: 비고 (고객이름, 아카데미 종류 등) | Q2: 클로징률 (클로징건수/DB수량) | R2: 순이익(원) | S2: ROAS (매출/광고비)*100 | T2: ROI (순이익/광고비)*100
A3: 2월 1주 2/1~2/7 (토~금) | B3: 맥스 | F3: =iferror(H3/E3,"") | G3: =iferror(E3/D3,"") | J3: =iferror(G3/C3,"") | K3: =iferror(H3/I3,"") | M3: =iferror(L3/I3,"") | Q3: =iferror(O3/I3,"") | R3: =iferror(N3-H3,"") -> 0 | S3: =iferror(N3/H3,"") | T3: =iferror(R3/H3,"")
B4: 해리 | C4: 45691 | F4: =iferror(H4/E4,"") | G4: =iferror(E4/D4,"") | J4: =iferror(G4/C4,"") -> 0 | K4: =iferror(H4/I4,"") | M4: =iferror(L4/I4,"") | N4: 500000 | O4: 2 | P4: 정아인(2명), 이종훈 | Q4: =iferror(O4/I4,"") | R4: =iferror(N4-H4,"") -> 500000 | S4: =iferror(N4/H4,"") | T4: =iferror(R4/H4,"")
B5: 로즈 | F5: =iferror(H5/E5,"") | G5: =iferror(E5/D5,"") | J5: =iferror(I5/E5,"") | K5: =iferror(H5/I5,"") | M5: =iferror(L5/I5,"")
B6: 페르 | F6: =iferror(H6/E6,"") | G6: =iferror(E6/D6,"") | J6: =iferror(G6/C6,"") | K6: =iferror(H6/I6,"") | M6: =iferror(L6/I6,"")
A7: 팀평균 | F7: =averageif(F3:F6,">0") -> #DIV/0! | G7: =averageif(G3:G6,">0") -> #DIV/0! | I7: =SUM(I3:I6) -> 0 | J7: =averageif(J3:J6,">0") -> #DIV/0! | K7: =averageif(K3:K6,">0") -> #DIV/0! | M7: =averageif(M3:M6,">0") -> #DIV/0! | N7: =SUM(N3:N6) -> 500000 | O7: =SUM(O3:O6) -> 2 | Q7: =averageif(Q3:Q6,">0") -> #DIV/0! | S7: =averageif(S3:S6,">0") -> #DIV/0! | T7: =averageif(T3:T6,">0") -> #DIV/0!
B9: 담당자 | C9: 매체분석 | I9: DB효율 | N9: 매출분석
C10: 작성시점 | D10: 노출량 | E10: 클릭 | F10: 클릭당 단가 (원) CPC (광고집행비/클릭) | G10: 클릭률 CTR (클릭/노출량) | H10: 주간 집행 광고비 | I10: DB수량 | J10: DB전환률 (DB수량/클릭) | K10: DB단가 (광고비/DB수량) | L10: 미팅전환 건수 | M10: 미팅전환률 (미팅건수/DB수량) | N10: 수당 매출 | O10: 클로징 건수 | P10: 비고 (고객이름, 메모 등) | Q10: 클로징률 (클로징건수/DB수량) | R10: 순이익(원) | S10: ROAS (매출/광고비)*100 | T10: ROI (순이익/광고비)*100
A11: 2월 2주 2/8~2/14 (토~금) | B11: 맥스 | G11: =iferror(E11/D11,"") | J11: =iferror(G11/C11,"") | K11: =iferror(H11/I11,"") | M11: =iferror(L11/I11,"") | Q11: =iferror(O11/I11,"") | R11: =iferror(N11-H11,"") -> 0 | S11: =iferror(N11/H11,"") | T11: =iferror(R11/H11,"")
B12: 해리 | F12: =iferror(H12/E12,"") | G12: =iferror(E12/D12,"") | J12: =iferror(I12/E12,"") | K12: =iferror(H12/I12,"") | M12: =iferror(L12/I12,"") | N12: 100000 | O12: 1 | P12: 이재명(2명) | Q12: =iferror(O12/I12,"") | R12: =iferror(N12-H12,"") -> 100000 | S12: =iferror(N12/H12,"") | T12: =iferror(R12/H12,"")
B13: 로즈 | F13: =iferror(H13/E13,"") | G13: =iferror(E13/D13,"") | J13: =iferror(I13/E13,"") | K13: =iferror(H13/I13,"") | M13: =iferror(L13/I13,"") | Q13: =iferror(O13/I13,"") | R13: =iferror(N13-H13,"") -> 0 | S13: =iferror(N13/H13,"") | T13: =iferror(R13/H13,"")
B14: 페르 | F14: =iferror(H14/E14,"") | G14: =iferror(E14/D14,"") | J14: =iferror(G14/C14,"") | K14: =iferror(H14/I14,"") | M14: =iferror(L14/I14,"") | Q14: =iferror(O14/I14,"") | R14: =iferror(N14-H14,"") -> 0 | S14: =iferror(N14/H14,"") | T14: =iferror(R14/H14,"")
A15: 팀평균 | F15: =averageif(F11:F14,">0") -> #DIV/0! | G15: =averageif(G11:G14,">0") -> #DIV/0! | I15: =SUM(I11:I14) -> 0 | J15: =averageif(J11:J14,">0") -> #DIV/0! | K15: =averageif(K11:K14,">0") -> #DIV/0! | M15: =averageif(M11:M14,">0") -> #DIV/0! | N15: =SUM(N11:N14) -> 100000 | O15: =SUM(O11:O14) -> 1 | Q15: =averageif(Q11:Q14,">0") -> #DIV/0! | S15: =averageif(S11:S14,">0") -> #DIV/0! | T15: =averageif(T11:T14,">0") -> #DIV/0!
B17: 담당자 | C17: 매체분석 | I17: DB효율 | N17: 매출분석
C18: 작성시점 | D18: 노출량 | E18: 클릭 | F18: 클릭당 단가 (원) CPC (광고집행비/클릭) | G18: 클릭률 CTR (클릭/노출량) | H18: 주간 집행 광고비 | I18: DB수량 | J18: DB전환률 (DB수량/클릭) | K18: DB단가 (광고비/DB수량) | L18: 미팅전환 건수 | M18: 미팅전환률 (미팅건수/DB수량) | N18: 수당 매출 | O18: 클로징 건수 | P18: 비고 (고객이름, 메모 등) | Q18: 클로징률 (클로징건수/DB수량) | R18: 순이익(원) | S18: ROAS (매출/광고비)*100 | T18: ROI (순이익/광고비)*100
A19: 2월 3주 2/15~2/21 (토~금) | B19: 맥스 | G19: =iferror(E19/D19,"") | J19: =iferror(G19/C19,"") | K19: =iferror(H19/I19,"") | M19: =iferror(L19/I19,"") | Q19: =iferror(O19/I19,"") | R19: =iferror(N19-H19,"") -> 0 | S19: =iferror(N19/H19,"") | T19: =iferror(R19/H19,"")
B20: 해리 | F20: =iferror(H20/E20,"") | G20: =iferror(E20/D20,"") | J20: =iferror(G20/C20,"") | K20: =iferror(H20/I20,"") | M20: =iferror(L20/I20,"") | Q20: =iferror(O20/I20,"") | R20: =iferror(N20-H20,"") -> 0 | S20: =iferror(N20/H20,"") | T20: =iferror(R20/H20,"")
B21: 로즈 | F21: =iferror(H21/E21,"") | G21: =iferror(E21/D21,"") | J21: =iferror(I21/E21,"") | K21: =iferror(H21/I21,"") | M21: =iferror(L21/I21,"") | Q21: =iferror(O21/I21,"") | R21: =iferror(N21-H21,"") -> 0 | S21: =iferror(N21/H21,"") | T21: =iferror(R21/H21,"")
B22: 페르 | F22: =iferror(H22/E22,"") | G22: =iferror(E22/D22,"") | J22: =iferror(G22/C22,"") | K22: =iferror(H22/I22,"") | M22: =iferror(L22/I22,"") | Q22: =iferror(O22/I22,"") | R22: =iferror(N22-H22,"") -> 0 | S22: =iferror(N22/H22,"") | T22: =iferror(R22/H22,"")
A23: 팀평균 | F23: =averageif(F19:F22,">0") -> #DIV/0! | G23: =averageif(G19:G22,">0") -> #DIV/0! | I23: =SUM(I19:I22) -> 0 | J23: =averageif(J19:J22,">0") -> #DIV/0! | K23: =averageif(K19:K22,">0") -> #DIV/0! | M23: =averageif(M19:M22,">0") -> #DIV/0! | N23: =SUM(N19:N22) -> 0 | O23: =SUM(O19:O22) -> 0 | Q23: =averageif(Q19:Q22,">0") -> #DIV/0! | S23: =averageif(S19:S22,">0") -> #DIV/0! | T23: =averageif(T19:T22,">0") -> #DIV/0!
B25: 담당자 | C25: 매체분석 | I25: DB효율 | N25: 매출분석
C26: 작성시점 | D26: 노출량 | E26: 클릭 | F26: 클릭당 단가 (원) CPC (광고집행비/클릭) | G26: 클릭률 CTR (클릭/노출량) | H26: 주간 집행 광고비 | I26: DB수량 | J26: DB전환률 (DB수량/클릭) | K26: DB단가 (광고비/DB수량) | L26: 미팅전환 건수 | M26: 미팅전환률 (미팅건수/DB수량) | N26: 수당 매출 | O26: 클로징 건수 | P26: 비고 (고객이름, 메모 등) | Q26: 클로징률 (클로징건수/DB수량) | R26: 순이익(원) | S26: ROAS (매출/광고비)*100 | T26: ROI (순이익/광고비)*100
A27: 2월 4주 2/22~2/28 (토~화) | B27: 맥스 | G27: =iferror(E27/D27,"") | J27: =iferror(G27/C27,"") | K27: =iferror(H27/I27,"") | M27: =iferror(L27/I27,"") | Q27: =iferror(O27/I27,"") | R27: =iferror(N27-H27,"") -> 0 | S27: =iferror(N27/H27,"") | T27: =iferror(R27/H27,"")
B28: 해리 | F28: =iferror(H28/E28,"") | G28: =iferror(E28/D28,"") | J28: =iferror(G28/C28,"") | K28: =iferror(H28/I28,"") | M28: =iferror(L28/I28,"") | Q28: =iferror(O28/I28,"") | R28: =iferror(N28-H28,"") -> 0 | S28: =iferror(N28/H28,"") | T28: =iferror(R28/H28,"")
B29: 로즈 | F29: =iferror(H29/E29,"") | G29: =iferror(E29/D29,"") | J29: =iferror(I29/E29,"") | K29: =iferror(H29/I29,"") | M29: =iferror(L29/I29,"") | Q29: =iferror(O29/I29,"") | R29: =iferror(N29-H29,"") -> 0 | S29: =iferror(N29/H29,"") | T29: =iferror(R29/H29,"")
B30: 페르 | F30: =iferror(H30/E30,"") | G30: =iferror(E30/D30,"") | J30: =iferror(G30/C30,"") | K30: =iferror(H30/I30,"") | M30: =iferror(L30/I30,"") | Q30: =iferror(O30/I30,"") | R30: =iferror(N30-H30,"") -> 0 | S30: =iferror(N30/H30,"") | T30: =iferror(R30/H30,"")
A31: 팀평균 | F31: =averageif(F27:F30,">0") -> #DIV/0! | G31: =averageif(G27:G30,">0") -> #DIV/0! | I31: =SUM(I27:I30) -> 0 | J31: =averageif(J27:J30,">0") -> #DIV/0! | K31: =averageif(K27:K30,">0") -> #DIV/0! | M31: =averageif(M27:M30,">0") -> #DIV/0! | N31: =SUM(N27:N30) -> 0 | O31: =SUM(O27:O30) -> 0 | Q31: =averageif(Q27:Q30,">0") -> #DIV/0! | S31: =averageif(S27:S30,">0") -> #DIV/0! | T31: =averageif(T27:T30,">0") -> #DIV/0!
A34: 2월 | B34: 담당자 | C34: 매체분석 | I34: DB효율 | N34: 매출분석
C35: 작성시점 | D35: 노출량 | E35: 클릭 | F35: 클릭당 단가 (원) CPC (광고집행비/클릭) | G35: 클릭률 CTR (클릭/노출량) | H35: 월간 집행 광고비 | I35: DB수량 | J35: DB전환률 (DB수량/클릭) | K35: DB단가 (광고비/DB수량) | L35: 미팅전환 건수 | M35: 미팅전환률 (미팅건수/DB수량) | N35: 수당 매출 | O35: 클로징 건수 | P35: 비고 (고객이름, 메모 등) | Q35: 클로징률 (클로징건수/DB수량) | R35: 순이익(원) | S35: ROAS (매출/광고비)*100 | T35: ROI (순이익/광고비)*100
A36: 1월 통계 | B36: 맥스 | D36: =D3+D11+D19+D27 -> 0 | E36: =E3+E11+E19+E27 -> 0 | F36: =iferror(H36/E36,"") | G36: =iferror(E36/D36,"") | H36: =H3+H11+H19+H27 -> 0 | I36: =I3+I11+I19+I27 -> 0 | J36: =iferror(F36/B36,"") | K36: =iferror(E36/F36,"") | L36: =L3+L11+L19+L27 -> 0 | M36: =iferror(I36/E36,"") | N36: =N3+N11+N19+N27 -> 0 | O36: =O3+O11+O19+O27 -> 0 | Q36: =iferror(O36/I36,"") | R36: =iferror(N36-H36,"") -> 0 | S36: =iferror(N36/H36,"") | T36: =iferror(R36/H36,"")
B37: 해리 | D37: =D4+D12+D20+D28 -> 0 | E37: =E4+E12+E20+E28 -> 0 | F37: =iferror(H37/E37,"") | G37: =iferror(E37/D37,"") | H37: =H4+H12+H20+H28 -> 0 | I37: =I4+I12+I20+I28 -> 0 | J37: =iferror(F37/B37,"") | K37: =iferror(H37/I37,"") | L37: =L4+L12+L20+L28 -> 0 | M37: =iferror(I37/E37,"") | N37: =N4+N12+N20+N28 -> 600000 | O37: =O4+O12+O20+O28 -> 3 | Q37: =iferror(O37/I37,"") | R37: =iferror(N37-H37,"") -> 600000 | S37: =iferror(N37/H37,"") | T37: =iferror(R37/H37,"")
B38: 로즈 | D38: =D5+D13+D21+D29 -> 0 | E38: =E5+E13+E21+E29 -> 0 | F38: =iferror(H38/E38,"") | G38: =iferror(E38/D38,"") | H38: =H5+H13+H21+H29 -> 0 | I38: =I5+I13+I21+I29 -> 0 | J38: =iferror(I38/E38,"") | K38: =iferror(H38/I38,"") | L38: =L5+L13+L21+L29 -> 0 | M38: =iferror(I38/E38,"") | N38: =N5+N13+N21+N29 -> 0 | O38: =O5+O13+O21+O29 -> 0 | Q38: =iferror(O38/I38,"") | R38: =iferror(N38-H38,"") -> 0 | S38: =iferror(N38/H38,"") | T38: =iferror(R38/H38,"")
B39: 페르 | D39: =D6+D14+D22+D30 -> 0 | E39: =E6+E14+E22+E30 -> 0 | F39: =iferror(H39/E39,"") | G39: =iferror(E39/D39,"") | H39: =H6+H14+H22+H30 -> 0 | I39: =I6+I14+I22+I30 -> 0 | J39: =iferror(I39/E39,"") | K39: =iferror(E39/F39,"") | L39: =L6+L14+L22+L30 -> 0 | M39: =iferror(I39/E39,"") | N39: =N6+N14+N22+N30 -> 0 | O39: =O6+O14+O22+O30 -> 0 | Q39: =iferror(O39/I39,"") | R39: =iferror(N39-H39,"") -> 0 | S39: =iferror(N39/H39,"") | T39: =iferror(R39/H39,"")
A40: 팀평균 | F40: =averageif(F36:F39,">0") -> #DIV/0! | G40: =averageif(G36:G39,">0") -> #DIV/0! | I40: =SUM(I36:I39) -> 0 | K40: =averageif(K36:K39,">0") -> #DIV/0! | M40: =averageif(M36:M39,">0") -> #DIV/0! | N40: =SUM(N36:N39) -> 600000 | O40: =SUM(O36:O39) -> 3 | Q40: =averageif(Q36:Q39,">0") -> #DIV/0! | S40: =averageif(S36:S39,">0") -> #DIV/0! | T40: =averageif(T36:T39,">0") -> #DIV/0!
A42: B2B 총계 | B42: 담당자 | C42: 매체분석 | I42: DB효율 | N42: 매출분석
C43: 작성시점 | D43: 노출량 | E43: 클릭 | F43: 클릭당 단가 (원) CPC (광고집행비/클릭) | G43: 클릭률 CTR (클릭/노출량) | H43: 월간 집행 광고비 | I43: DB수량 | J43: DB전환률 (DB수량/클릭) | K43: DB단가 (광고비/DB수량) | L43: 미팅전환 건수 | M43: 미팅전환률 (미팅건수/DB수량) | N43: 수당 매출 | O43: 클로징 건수 | P43: 비고 (고객이름, 메모 등) | Q43: 클로징률 (클로징건수/DB수량) | R43: 순이익(원) | S43: ROAS (매출/광고비)*100 | T43: ROI (순이익/광고비)*100
A44: 12~2월 | B44: 맥스 | D44: =D36+'1월'!D51 -> 0 | E44: =E36+'1월'!E51 -> 0 | F44: =iferror(H44/E44,"") | G44: =iferror(E44/D44,"") | H44: =H36+'1월'!H51 -> 0 | I44: =I36+'1월'!I51 -> 0 | J44: =iferror(F44/B44,"") | K44: =iferror(E44/F44,"") | L44: =L36+'1월'!L51 -> 0 | M44: =iferror(I44/E44,"") | N44: =N36+'1월'!N51 -> 0 | O44: =O36+'1월'!O51 -> 0 | Q44: =iferror(O44/I44,"") | R44: =iferror(N44-H44,"") -> 0 | S44: =iferror(N44/H44,"") | T44: =iferror(R44/H44,"")
B45: 해리 | D45: =D37+'1월'!D52 -> 8591 | E45: =E37+'1월'!E52 -> 397 | F45: =iferror(H45/E45,"") -> 695.0529 | G45: =iferror(E45/D45,"") -> 0.046211151 | H45: =H37+'1월'!H52 -> 275936 | I45: =I37+'1월'!I52 -> 125 | J45: =iferror(F45/B45,"") | K45: =iferror(H45/I45,"") -> 2207.488 | L45: =L37+'1월'!L52 -> 30 | M45: =iferror(I45/E45,"") -> 0.31486146 | N45: =N37+'1월'!N52 -> 2960000 | O45: =O37+'1월'!O52 -> 7 | Q45: =iferror(O45/I45,"") -> 0.056 | R45: =iferror(N45-H45,"") -> 2684064 | S45: =iferror(N45/H45,"") -> 10.727125 | T45: =iferror(R45/H45,"") -> 9.7271251
B46: 로즈 | D46: =D38+'1월'!D53 -> 30001 | E46: =E38+'1월'!E53 -> 1612 | F46: =iferror(H46/E46,"") -> 496.75558 | G46: =iferror(E46/D46,"") -> 0.053731542 | H46: =H38+'1월'!H53 -> 800770 | I46: =I38+'1월'!I53 -> 183 | J46: =iferror(I46/E46,"") -> 0.11352357 | K46: =iferror(H46/I46,"") -> 4375.7923 | L46: =L38+'1월'!L53 -> 8 | M46: =iferror(I46/E46,"") -> 0.11352357 | N46: =N38+'1월'!N53 -> 880000 | O46: =O38+'1월'!O53 -> 1 | Q46: =iferror(O46/I46,"") -> 0.0054644809 | R46: =iferror(N46-H46,"") -> 79230 | S46: =iferror(N46/H46,"") -> 1.0989423 | T46: =iferror(R46/H46,"") -> 0.098942268
B47: 페르 | D47: =D39+'1월'!D54 -> 0 | E47: =E39+'1월'!E54 -> 0 | F47: =iferror(H47/E47,"") | G47: =iferror(E47/D47,"") | H47: =H39+'1월'!H54 -> 0 | I47: =I39+'1월'!I54 -> 0 | J47: =iferror(I47/E47,"") | K47: =iferror(E47/F47,"") | L47: =L39+'1월'!L54 -> 0 | M47: =iferror(I47/E47,"") | N47: =N39+'1월'!N54 -> 0 | O47: =O39+'1월'!O54 -> 0 | Q47: =iferror(O47/I47,"") | R47: =iferror(N47-H47,"") -> 0 | S47: =iferror(N47/H47,"") | T47: =iferror(R47/H47,"")
A48: 팀평균 | F48: =averageif(F44:F47,">0") -> 595.90424 | G48: =averageif(G44:G47,">0") -> 0.049971347 | I48: =SUM(I44:I47) -> 308 | K48: =averageif(K44:K47,">0") -> 3291.6402 | M48: =averageif(M44:M47,">0") -> 0.21419252 | N48: =SUM(N44:N47) -> 3840000 | O48: =SUM(O44:O47) -> 8 | Q48: =averageif(Q44:Q47,">0") -> 0.03073224 | S48: =averageif(S44:S47,">0") -> 5.9130337 | T48: =averageif(T44:T47,">0") -> 4.9130337

Sheet 1월
A1: 1월 | B1: 담당자 | C1: 매체분석 | I1: DB효율 | N1: 매출분석
C2: 작성시점 | D2: 노출량 | E2: 클릭 | F2: 클릭당 단가 (원) CPC (광고집행비/클릭) | G2: 클릭률 CTR (클릭/노출량) | H2: 주간 집행 광고비 | I2: DB수량 | J2: DB전환률 (DB수량/클릭) | K2: DB단가 (광고비/DB수량) | L2: 미팅전환 건수 | M2: 미팅전환률 (미팅건수/DB수량) | N2: 수당 매출 | O2: 클로징 건수 | P2: 비고 (고객이름, 아카데미 종류 등) | Q2: 클로징률 (클로징건수/DB수량) | R2: 순이익(원) | S2: ROAS (매출/광고비)*100 | T2: ROI (순이익/광고비)*100
A3: 1월 1주 1/1~1/3 (수~금) | B3: 맥스 | F3: =iferror(H3/E3,"") | G3: =iferror(E3/D3,"") | J3: =iferror(G3/C3,"") | K3: =iferror(H3/I3,"") | M3: =iferror(L3/I3,"") | Q3: =iferror(O3/I3,"") | R3: =iferror(N3-H3,"") -> 0 | S3: =iferror(N3/H3,"") | T3: =iferror(R3/H3,"")
B4: 해리 | F4: =iferror(H4/E4,"") | G4: =iferror(E4/D4,"") | J4: =iferror(G4/C4,"") | K4: =iferror(H4/I4,"") | M4: =iferror(L4/I4,"") | Q4: =iferror(O4/I4,"") | R4: =iferror(N4-H4,"") -> 0 | S4: =iferror(N4/H4,"") | T4: =iferror(R4/H4,"")
B5: 로즈 | C5: 45660 | D5: 1350 | E5: 86 | F5: =iferror(H5/E5,"") -> 376.46512 | G5: =iferror(E5/D5,"") -> 0.063703704 | H5: 32376 | I5: 9 | J5: =iferror(I5/E5,"") -> 0.10465116 | K5: =iferror(H5/I5,"") -> 3597.3333 | M5: =iferror(L5/I5,"") -> 0
B6: 페르 | F6: =iferror(H6/E6,"") | G6: =iferror(E6/D6,"") | J6: =iferror(G6/C6,"") | K6: =iferror(H6/I6,"") | M6: =iferror(L6/I6,"")
A7: 팀평균 | F7: =averageif(F3:F6,">0") -> 376.46512 | G7: =averageif(G3:G6,">0") -> 0.063703704 | I7: =SUM(I3:I6) -> 9 | J7: =averageif(J3:J6,">0") -> 0.10465116 | K7: =averageif(K3:K6,">0") -> 3597.3333 | M7: =averageif(M3:M6,">0") -> #DIV/0! | N7: =SUM(N3:N6) -> 0 | O7: =SUM(O3:O6) -> 0 | Q7: =averageif(Q3:Q6,">0") -> #DIV/0! | S7: =averageif(S3:S6,">0") -> #DIV/0! | T7: =averageif(T3:T6,">0") -> #DIV/0!
B9: 담당자 | C9: 매체분석 | I9: DB효율 | N9: 매출분석
C10: 작성시점 | D10: 노출량 | E10: 클릭 | F10: 클릭당 단가 (원) CPC (광고집행비/클릭) | G10: 클릭률 CTR (클릭/노출량) | H10: 주간 집행 광고비 | I10: DB수량 | J10: DB전환률 (DB수량/클릭) | K10: DB단가 (광고비/DB수량) | L10: 미팅전환 건수 | M10: 미팅전환률 (미팅건수/DB수량) | N10: 수당 매출 | O10: 클로징 건수 | P10: 비고 (고객이름, 메모 등) | Q10: 클로징률 (클로징건수/DB수량) | R10: 순이익(원) | S10: ROAS (매출/광고비)*100 | T10: ROI (순이익/광고비)*100
A11: 1월 2주 1/4~1/10 (토~금) | B11: 맥스 | G11: =iferror(E11/D11,"") | J11: =iferror(G11/C11,"") | K11: =iferror(H11/I11,"") | M11: =iferror(L11/I11,"") | Q11: =iferror(O11/I11,"") | R11: =iferror(N11-H11,"") -> 0 | S11: =iferror(N11/H11,"") | T11: =iferror(R11/H11,"")
B12: 해리 | F12: =iferror(H12/E12,"") | G12: =iferror(E12/D12,"") | J12: =iferror(I12/E12,"") | K12: =iferror(H12/I12,"") | M12: =iferror(L12/I12,"") | Q12: =iferror(O12/I12,"") | R12: =iferror(N12-H12,"") -> 0 | S12: =iferror(N12/H12,"") | T12: =iferror(R12/H12,"")
B13: 로즈 | C13: ~1/10 | D13: 4500 | E13: 242 | F13: =iferror(H13/E13,"") -> 480.50826 | G13: =iferror(E13/D13,"") -> 0.053777778 | H13: 116283 | I13: 20 | J13: =iferror(I13/E13,"") -> 0.082644628 | K13: =iferror(H13/I13,"") -> 5814.15 | M13: =iferror(L13/I13,"") -> 0 | Q13: =iferror(O13/I13,"") -> 0 | R13: =iferror(N13-H13,"") -> -116283 | S13: =iferror(N13/H13,"") -> 0 | T13: =iferror(R13/H13,"") -> -1
B14: 페르 | F14: =iferror(H14/E14,"") | G14: =iferror(E14/D14,"") | J14: =iferror(G14/C14,"") | K14: =iferror(H14/I14,"") | M14: =iferror(L14/I14,"") | Q14: =iferror(O14/I14,"") | R14: =iferror(N14-H14,"") -> 0 | S14: =iferror(N14/H14,"") | T14: =iferror(R14/H14,"")
A15: 팀평균 | F15: =averageif(F11:F14,">0") -> 480.50826 | G15: =averageif(G11:G14,">0") -> 0.053777778 | I15: =SUM(I11:I14) -> 20 | J15: =averageif(J11:J14,">0") -> 0.082644628 | K15: =averageif(K11:K14,">0") -> 5814.15 | M15: =averageif(M11:M14,">0") -> #DIV/0! | N15: =SUM(N11:N14) -> 0 | O15: =SUM(O11:O14) -> 0 | Q15: =averageif(Q11:Q14,">0") -> #DIV/0! | S15: =averageif(S11:S14,">0") -> #DIV/0! | T15: =averageif(T11:T14,">0") -> #DIV/0!
B17: 담당자 | C17: 매체분석 | I17: DB효율 | N17: 매출분석
C18: 작성시점 | D18: 노출량 | E18: 클릭 | F18: 클릭당 단가 (원) CPC (광고집행비/클릭) | G18: 클릭률 CTR (클릭/노출량) | H18: 주간 집행 광고비 | I18: DB수량 | J18: DB전환률 (DB수량/클릭) | K18: DB단가 (광고비/DB수량) | L18: 미팅전환 건수 | M18: 미팅전환률 (미팅건수/DB수량) | N18: 수당 매출 | O18: 클로징 건수 | P18: 비고 (고객이름, 메모 등) | Q18: 클로징률 (클로징건수/DB수량) | R18: 순이익(원) | S18: ROAS (매출/광고비)*100 | T18: ROI (순이익/광고비)*100
A19: 1월 3주 1/11~1/17 (토~금) | B19: 맥스 | G19: =iferror(E19/D19,"") | J19: =iferror(G19/C19,"") | K19: =iferror(H19/I19,"") | M19: =iferror(L19/I19,"") | Q19: =iferror(O19/I19,"") | R19: =iferror(N19-H19,"") -> 0 | S19: =iferror(N19/H19,"") | T19: =iferror(R19/H19,"")
B20: 해리 | F20: =iferror(H20/E20,"") | G20: =iferror(E20/D20,"") | J20: =iferror(G20/C20,"") | K20: =iferror(H20/I20,"") | M20: =iferror(L20/I20,"") | Q20: =iferror(O20/I20,"") | R20: =iferror(N20-H20,"") -> 0 | S20: =iferror(N20/H20,"") | T20: =iferror(R20/H20,"")
B21: 로즈 | C21: ~1/17 | D21: 2722 | E21: 133 | F21: =iferror(H21/E21,"") -> 626.15789 | G21: =iferror(E21/D21,"") -> 0.048861132 | H21: 83279 | I21: 15 | J21: =iferror(I21/E21,"") -> 0.11278195 | K21: =iferror(H21/I21,"") -> 5551.9333 | M21: =iferror(L21/I21,"") -> 0 | Q21: =iferror(O21/I21,"") -> 0 | R21: =iferror(N21-H21,"") -> -83279 | S21: =iferror(N21/H21,"") -> 0 | T21: =iferror(R21/H21,"") -> -1
B22: 페르 | F22: =iferror(H22/E22,"") | G22: =iferror(E22/D22,"") | J22: =iferror(G22/C22,"") | K22: =iferror(H22/I22,"") | M22: =iferror(L22/I22,"") | Q22: =iferror(O22/I22,"") | R22: =iferror(N22-H22,"") -> 0 | S22: =iferror(N22/H22,"") | T22: =iferror(R22/H22,"")
A23: 팀평균 | F23: =averageif(F19:F22,">0") -> 626.15789 | G23: =averageif(G19:G22,">0") -> 0.048861132 | I23: =SUM(I19:I22) -> 15 | J23: =averageif(J19:J22,">0") -> 0.11278195 | K23: =averageif(K19:K22,">0") -> 5551.9333 | M23: =averageif(M19:M22,">0") -> #DIV/0! | N23: =SUM(N19:N22) -> 0 | O23: =SUM(O19:O22) -> 0 | Q23: =averageif(Q19:Q22,">0") -> #DIV/0! | S23: =averageif(S19:S22,">0") -> #DIV/0! | T23: =averageif(T19:T22,">0") -> #DIV/0!
B25: 담당자 | C25: 매체분석 | I25: DB효율 | N25: 매출분석
C26: 작성시점 | D26: 노출량 | E26: 클릭 | F26: 클릭당 단가 (원) CPC (광고집행비/클릭) | G26: 클릭률 CTR (클릭/노출량) | H26: 주간 집행 광고비 | I26: DB수량 | J26: DB전환률 (DB수량/클릭) | K26: DB단가 (광고비/DB수량) | L26: 미팅전환 건수 | M26: 미팅전환률 (미팅건수/DB수량) | N26: 수당 매출 | O26: 클로징 건수 | P26: 비고 (고객이름, 메모 등) | Q26: 클로징률 (클로징건수/DB수량) | R26: 순이익(원) | S26: ROAS (매출/광고비)*100 | T26: ROI (순이익/광고비)*100
A27: 1월 4주 1/18~1/24 (토~화) | B27: 맥스 | G27: =iferror(E27/D27,"") | J27: =iferror(G27/C27,"") | K27: =iferror(H27/I27,"") | M27: =iferror(L27/I27,"") | Q27: =iferror(O27/I27,"") | R27: =iferror(N27-H27,"") -> 0 | S27: =iferror(N27/H27,"") | T27: =iferror(R27/H27,"")
B28: 해리 | F28: =iferror(H28/E28,"") | G28: =iferror(E28/D28,"") | J28: =iferror(G28/C28,"") | K28: =iferror(H28/I28,"") | M28: =iferror(L28/I28,"") | Q28: =iferror(O28/I28,"") | R28: =iferror(N28-H28,"") -> 0 | S28: =iferror(N28/H28,"") | T28: =iferror(R28/H28,"")
B29: 로즈 | C29: ~1/24 | D29: 3663 | E29: 165 | F29: =iferror(H29/E29,"") -> 509.98182 | G29: =iferror(E29/D29,"") -> 0.045045045 | H29: 84147 | I29: 17 | J29: =iferror(I29/E29,"") -> 0.1030303 | K29: =iferror(H29/I29,"") -> 4949.8235 | M29: =iferror(L29/I29,"") -> 0 | Q29: =iferror(O29/I29,"") -> 0 | R29: =iferror(N29-H29,"") -> -84147 | S29: =iferror(N29/H29,"") -> 0 | T29: =iferror(R29/H29,"") -> -1
B30: 페르 | F30: =iferror(H30/E30,"") | G30: =iferror(E30/D30,"") | J30: =iferror(G30/C30,"") | K30: =iferror(H30/I30,"") | M30: =iferror(L30/I30,"") | Q30: =iferror(O30/I30,"") | R30: =iferror(N30-H30,"") -> 0 | S30: =iferror(N30/H30,"") | T30: =iferror(R30/H30,"")
A31: 팀평균 | F31: =averageif(F27:F30,">0") -> 509.98182 | G31: =averageif(G27:G30,">0") -> 0.045045045 | I31: =SUM(I27:I30) -> 17 | J31: =averageif(J27:J30,">0") -> 0.1030303 | K31: =averageif(K27:K30,">0") -> 4949.8235 | M31: =averageif(M27:M30,">0") -> #DIV/0! | N31: =SUM(N27:N30) -> 0 | O31: =SUM(O27:O30) -> 0 | Q31: =averageif(Q27:Q30,">0") -> #DIV/0! | S31: =averageif(S27:S30,">0") -> #DIV/0! | T31: =averageif(T27:T30,">0") -> #DIV/0!
B33: 담당자 | C33: 매체분석 | I33: DB효율 | N33: 매출분석
C34: 작성시점 | D34: 노출량 | E34: 클릭 | F34: 클릭당 단가 (원) CPC (광고집행비/클릭) | G34: 클릭률 CTR (클릭/노출량) | H34: 주간 집행 광고비 | I34: DB수량 | J34: DB전환률 (DB수량/클릭) | K34: DB단가 (광고비/DB수량) | L34: 미팅전환 건수 | M34: 미팅전환률 (미팅건수/DB수량) | N34: 수당 매출 | O34: 클로징 건수 | P34: 비고 (고객이름, 메모 등) | Q34: 클로징률 (클로징건수/DB수량) | R34: 순이익(원) | S34: ROAS (매출/광고비)*100 | T34: ROI (순이익/광고비)*100
A35: 1월 5주 1/25~1/31 (토~화) | B35: 맥스 | G35: =iferror(E35/D35,"") | J35: =iferror(G35/C35,"") | K35: =iferror(H35/I35,"") | M35: =iferror(L35/I35,"") | Q35: =iferror(O35/I35,"") | R35: =iferror(N35-H35,"") -> 0 | S35: =iferror(N35/H35,"") | T35: =iferror(R35/H35,"")
B36: 해리 | F36: =iferror(H36/E36,"") | G36: =iferror(E36/D36,"") | J36: =iferror(G36/C36,"") | K36: =iferror(H36/I36,"") | M36: =iferror(L36/I36,"") | Q36: =iferror(O36/I36,"") | R36: =iferror(N36-H36,"") -> 0 | S36: =iferror(N36/H36,"") | T36: =iferror(R36/H36,"")
B37: 로즈 | C37: 45687 | D37: 3260 | E37: 207 | F37: =iferror(H37/E37,"") -> 454.10628 | G37: =iferror(E37/D37,"") -> 0.063496933 | H37: 94000 | I37: 21 | J37: =iferror(I37/E37,"") -> 0.10144928 | K37: =iferror(H37/I37,"") -> 4476.1905 | M37: =iferror(L37/I37,"") -> 0 | Q37: =iferror(O37/I37,"") -> 0 | R37: =iferror(N37-H37,"") -> -94000 | S37: =iferror(N37/H37,"") -> 0 | T37: =iferror(R37/H37,"") -> -1
B38: 페르 | F38: =iferror(H38/E38,"") | G38: =iferror(E38/D38,"") | J38: =iferror(G38/C38,"") | K38: =iferror(H38/I38,"") | M38: =iferror(L38/I38,"") | Q38: =iferror(O38/I38,"") | R38: =iferror(N38-H38,"") -> 0 | S38: =iferror(N38/H38,"") | T38: =iferror(R38/H38,"")
A39: 팀평균 | F39: =averageif(F35:F38,">0") -> 454.10628 | G39: =averageif(G35:G38,">0") -> 0.063496933 | I39: =SUM(I35:I38) -> 21 | J39: =averageif(J35:J38,">0") -> 0.10144928 | K39: =averageif(K35:K38,">0") -> 4476.1905 | M39: =averageif(M35:M38,">0") -> #DIV/0! | N39: =SUM(N35:N38) -> 0 | O39: =SUM(O35:O38) -> 0 | Q39: =averageif(Q35:Q38,">0") -> #DIV/0! | S39: =averageif(S35:S38,">0") -> #DIV/0! | T39: =averageif(T35:T38,">0") -> #DIV/0!
A41: 1월 | B41: 담당자 | C41: 매체분석 | I41: DB효율 | N41: 매출분석
C42: 작성시점 | D42: 노출량 | E42: 클릭 | F42: 클릭당 단가 (원) CPC (광고집행비/클릭) | G42: 클릭률 CTR (클릭/노출량) | H42: 월간 집행 광고비 | I42: DB수량 | J42: DB전환률 (DB수량/클릭) | K42: DB단가 (광고비/DB수량) | L42: 미팅전환 건수 | M42: 미팅전환률 (미팅건수/DB수량) | N42: 수당 매출 | O42: 클로징 건수 | P42: 비고 (고객이름, 메모 등) | Q42: 클로징률 (클로징건수/DB수량) | R42: 순이익(원) | S42: ROAS (매출/광고비)*100 | T42: ROI (순이익/광고비)*100
A43: 1월 통계 | B43: 맥스 | D43: =D3+D11+D19+D27+D35 -> 0 | E43: =E3+E11+E19+E27+E35 -> 0 | F43: =iferror(H43/E43,"") | G43: =iferror(E43/D43,"") | H43: =H3+H11+H19+H27+H35 -> 0 | I43: =I3+I11+I19+I27+I35 -> 0 | J43: =iferror(F43/B43,"") | K43: =iferror(E43/F43,"") | L43: =L3+L11+L19+L27+L35 -> 0 | M43: =iferror(I43/E43,"") | N43: =N3+N11+N19+N27+N35 -> 0 | O43: =O3+O11+O19+O27+O35 -> 0 | Q43: =iferror(O43/I43,"") | R43: =iferror(N43-H43,"") -> 0 | S43: =iferror(N43/H43,"") | T43: =iferror(R43/H43,"")
B44: 해리 | D44: =D4+D12+D20+D28+D36 -> 0 | E44: =E4+E12+E20+E28+E36 -> 0 | F44: =iferror(H44/E44,"") | G44: =iferror(E44/D44,"") | H44: =H4+H12+H20+H28+H36 -> 0 | I44: =I4+I12+I20+I28+I36 -> 0 | J44: =iferror(F44/B44,"") | K44: =iferror(H44/I44,"") | L44: =L4+L12+L20+L28+L36 -> 0 | M44: =iferror(I44/E44,"") | N44: =N4+N12+N20+N28+N36 -> 0 | O44: =O4+O12+O20+O28+O36 -> 0 | Q44: =iferror(O44/I44,"") | R44: =iferror(N44-H44,"") -> 0 | S44: =iferror(N44/H44,"") | T44: =iferror(R44/H44,"")
B45: 로즈 | D45: =D5+D13+D21+D29+D37 -> 15495 | E45: =E5+E13+E21+E29+E37 -> 833 | F45: =iferror(H45/E45,"") -> 519.29532 | G45: =iferror(E45/D45,"") -> 0.053759277 | H45: 432573 | I45: =I5+I13+I21+I29+I37 -> 82 | J45: =iferror(I45/E45,"") -> 0.098439376 | K45: =iferror(H45/I45,"") -> 5275.2805 | L45: =L5+L13+L21+L29+L37 -> 0 | M45: =iferror(I45/E45,"") -> 0.098439376 | N45: =N5+N13+N21+N29+N37 -> 0 | O45: =O5+O13+O21+O29+O37 -> 0 | Q45: =iferror(O45/I45,"") -> 0 | R45: =iferror(N45-H45,"") -> -432573 | S45: =iferror(N45/H45,"") -> 0 | T45: =iferror(R45/H45,"") -> -1
B46: 페르 | D46: =D6+D14+D22+D30+D38 -> 0 | E46: =E6+E14+E22+E30+E38 -> 0 | F46: =iferror(H46/E46,"") | G46: =iferror(E46/D46,"") | H46: =H6+H14+H22+H30+H38 -> 0 | I46: =I6+I14+I22+I30+I38 -> 0 | J46: =iferror(I46/E46,"") | K46: =iferror(E46/F46,"") | L46: =L6+L14+L22+L30+L38 -> 0 | M46: =iferror(I46/E46,"") | N46: =N6+N14+N22+N30+N38 -> 0 | O46: =O6+O14+O22+O30+O38 -> 0 | Q46: =iferror(O46/I46,"") | R46: =iferror(N46-H46,"") -> 0 | S46: =iferror(N46/H46,"") | T46: =iferror(R46/H46,"")
A47: 팀평균 | F47: =averageif(F43:F46,">0") -> 519.29532 | G47: =averageif(G43:G46,">0") -> 0.053759277 | I47: =SUM(I43:I46) -> 82 | K47: =averageif(K43:K46,">0") -> 5275.2805 | M47: =averageif(M43:M46,">0") -> 0.098439376 | N47: =SUM(N43:N46) -> 0 | O47: =SUM(O43:O46) -> 0 | Q47: =averageif(Q43:Q46,">0") -> #DIV/0! | S47: =averageif(S43:S46,">0") -> #DIV/0! | T47: =averageif(T43:T46,">0") -> #DIV/0!
A49: B2B 총계 | B49: 담당자 | C49: 매체분석 | I49: DB효율 | N49: 매출분석
C50: 작성시점 | D50: 노출량 | E50: 클릭 | F50: 클릭당 단가 (원) CPC (광고집행비/클릭) | G50: 클릭률 CTR (클릭/노출량) | H50: 월간 집행 광고비 | I50: DB수량 | J50: DB전환률 (DB수량/클릭) | K50: DB단가 (광고비/DB수량) | L50: 미팅전환 건수 | M50: 미팅전환률 (미팅건수/DB수량) | N50: 수당 매출 | O50: 클로징 건수 | P50: 비고 (고객이름, 메모 등) | Q50: 클로징률 (클로징건수/DB수량) | R50: 순이익(원) | S50: ROAS (매출/광고비)*100 | T50: ROI (순이익/광고비)*100
A51: 1~2월 | B51: 맥스 | D51: =D43+'12월(B2B)'!D35 -> 0 | E51: =E43+'12월(B2B)'!E35 -> 0 | F51: =iferror(H51/E51,"") | G51: =iferror(E51/D51,"") | H51: =H43+'12월(B2B)'!H35 -> 0 | I51: =I43+'12월(B2B)'!I35 -> 0 | J51: =iferror(F51/B51,"") | K51: =iferror(E51/F51,"") | L51: =L43+'12월(B2B)'!L35 -> 0 | M51: =iferror(I51/E51,"") | N51: =N43+'12월(B2B)'!N35 -> 0 | O51: =O43+'12월(B2B)'!O35 -> 0 | Q51: =iferror(O51/I51,"") | R51: =iferror(N51-H51,"") -> 0 | S51: =iferror(N51/H51,"") | T51: =iferror(R51/H51,"")
B52: 해리 | D52: =D44+'12월(B2B)'!D36 -> 8591 | E52: =E44+'12월(B2B)'!E36 -> 397 | F52: =iferror(H52/E52,"") -> 695.0529 | G52: =iferror(E52/D52,"") -> 0.046211151 | H52: =H44+'12월(B2B)'!H36 -> 275936 | I52: =I44+'12월(B2B)'!I36 -> 125 | J52: =iferror(F52/B52,"") | K52: =iferror(H52/I52,"") -> 2207.488 | L52: =L44+'12월(B2B)'!L36 -> 30 | M52: =iferror(I52/E52,"") -> 0.31486146 | N52: =N44+'12월(B2B)'!N36 -> 2360000 | O52: =O44+'12월(B2B)'!O36 -> 4 | Q52: =iferror(O52/I52,"") -> 0.032 | R52: =iferror(N52-H52,"") -> 2084064 | S52: =iferror(N52/H52,"") -> 8.5527079 | T52: =iferror(R52/H52,"") -> 7.5527079
B53: 로즈 | D53: =D45+'12월(B2B)'!D37 -> 30001 | E53: =E45+'12월(B2B)'!E37 -> 1612 | F53: =iferror(H53/E53,"") -> 496.75558 | G53: =iferror(E53/D53,"") -> 0.053731542 | H53: =H45+'12월(B2B)'!H37 -> 800770 | I53: =I45+'12월(B2B)'!I37 -> 183 | J53: =iferror(I53/E53,"") -> 0.11352357 | K53: =iferror(H53/I53,"") -> 4375.7923 | L53: =L45+'12월(B2B)'!L37 -> 8 | M53: =iferror(I53/E53,"") -> 0.11352357 | N53: =N45+'12월(B2B)'!N37 -> 880000 | O53: =O45+'12월(B2B)'!O37 -> 1 | Q53: =iferror(O53/I53,"") -> 0.0054644809 | R53: =iferror(N53-H53,"") -> 79230 | S53: =iferror(N53/H53,"") -> 1.0989423 | T53: =iferror(R53/H53,"") -> 0.098942268
B54: 페르 | D54: =D46+'12월(B2B)'!D38 -> 0 | E54: =E46+'12월(B2B)'!E38 -> 0 | F54: =iferror(H54/E54,"") | G54: =iferror(E54/D54,"") | H54: =H46+'12월(B2B)'!H38 -> 0 | I54: =I46+'12월(B2B)'!I38 -> 0 | J54: =iferror(I54/E54,"") | K54: =iferror(E54/F54,"") | L54: =L46+'12월(B2B)'!L38 -> 0 | M54: =iferror(I54/E54,"") | N54: =N46+'12월(B2B)'!N38 -> 0 | O54: =O46+'12월(B2B)'!O38 -> 0 | Q54: =iferror(O54/I54,"") | R54: =iferror(N54-H54,"") -> 0 | S54: =iferror(N54/H54,"") | T54: =iferror(R54/H54,"")
A55: 팀평균 | F55: =averageif(F51:F54,">0") -> 595.90424 | G55: =averageif(G51:G54,">0") -> 0.049971347 | I55: =SUM(I51:I54) -> 308 | K55: =averageif(K51:K54,">0") -> 3291.6402 | M55: =averageif(M51:M54,">0") -> 0.21419252 | N55: =SUM(N51:N54) -> 3240000 | O55: =SUM(O51:O54) -> 5 | Q55: =averageif(Q51:Q54,">0") -> 0.01873224 | S55: =averageif(S51:S54,">0") -> 4.8258251 | T55: =averageif(T51:T54,">0") -> 3.8258251

Sheet 12월(B2B)
A1: 12월 | B1: 담당자 | C1: 매체분석 | I1: DB효율 | N1: 매출분석
C2: 작성시점 | D2: 노출량 | E2: 클릭 | F2: 클릭당 단가 (원) CPC (광고집행비/클릭) | G2: 클릭률 CTR (클릭/노출량) | H2: 주간 집행 광고비 | I2: DB수량 | J2: DB전환률 (DB수량/클릭) | K2: DB단가 (광고비/DB수량) | L2: 미팅전환 건수 | M2: 미팅전환률 (미팅건수/DB수량) | N2: 수당 매출 | O2: 클로징 건수 | P2: 비고 (고객이름, 아카데미 종류 등) | Q2: 클로징률 (클로징건수/DB수량) | R2: 순이익(원) | S2: ROAS (매출/광고비)*100 | T2: ROI (순이익/광고비)*100
A3: 12월 1주 11/30~12/6 (토~금) | B3: 맥스 | F3: =iferror(H3/E3,"") | G3: =iferror(E3/D3,"") | J3: =iferror(G3/C3,"") | K3: =iferror(H3/I3,"") | M3: =iferror(L3/I3,"") | Q3: =iferror(O3/I3,"") | R3: =iferror(N3-H3,"") -> 0 | S3: =iferror(N3/H3,"") | T3: =iferror(R3/H3,"")
B4: 해리 | C4: 10/22~12/6 | D4: 4733 | E4: 248 | F4: =iferror(H4/E4,"") -> 809.11694 | G4: =iferror(E4/D4,"") -> 0.052398056 | H4: 200661 | I4: 112 | J4: =iferror(I4/E4,"") -> 0.4516129 | K4: =iferror(H4/I4,"") -> 1791.6161 | L4: 25 | M4: =iferror(L4/I4,"") -> 0.22321429 | N4: 1480000 | O4: 3 | P4: 오월,주민규,김사무엘 | Q4: =iferror(O4/I4,"") -> 0.026785714 | R4: =iferror(N4-H4,"") -> 1279339 | S4: =iferror(N4/H4,"") -> 7.3756236 | T4: =iferror(R4/H4,"") -> 6.3756236
B5: 로즈 | C5: 12/6 까지 | D5: 1555 | E5: 86 | F5: =iferror(H5/E5,"") -> 770.03488 | G5: =iferror(E5/D5,"") -> 0.055305466 | H5: 66223 | I5: 10 | J5: =iferror(I5/E5,"") -> 0.11627907 | K5: =iferror(H5/I5,"") -> 6622.3 | L5: 1 | M5: =iferror(L5/I5,"") -> 0.1 | Q5: =iferror(O5/I5,"") -> 0 | R5: =iferror(N5-H5,"") -> -66223 | S5: =iferror(N5/H5,"") -> 0 | T5: =iferror(R5/H5,"") -> -1
B6: 페르 | F6: =iferror(H6/E6,"") | G6: =iferror(E6/D6,"") | J6: =iferror(G6/C6,"") | K6: =iferror(H6/I6,"") | M6: =iferror(L6/I6,"") | Q6: =iferror(O6/I6,"") | R6: =iferror(N6-H6,"") -> 0 | S6: =iferror(N6/H6,"") | T6: =iferror(R6/H6,"")
A7: 팀평균 | F7: =averageif(F3:F6,">0") -> 789.57591 | G7: =averageif(G3:G6,">0") -> 0.053851761 | I7: =SUM(I3:I6) -> 122 | J7: =averageif(J3:J6,">0") -> 0.28394599 | K7: =averageif(K3:K6,">0") -> 4206.958 | M7: =averageif(M3:M6,">0") -> 0.16160714 | N7: =SUM(N3:N6) -> 1480000 | O7: =SUM(O3:O6) -> 3 | Q7: =averageif(Q3:Q6,">0") -> 0.026785714 | S7: =averageif(S3:S6,">0") -> 7.3756236 | T7: =averageif(T3:T6,">0") -> 6.3756236
B9: 담당자 | C9: 매체분석 | I9: DB효율 | N9: 매출분석
C10: 작성시점 | D10: 노출량 | E10: 클릭 | F10: 클릭당 단가 (원) CPC (광고집행비/클릭) | G10: 클릭률 CTR (클릭/노출량) | H10: 주간 집행 광고비 | I10: DB수량 | J10: DB전환률 (DB수량/클릭) | K10: DB단가 (광고비/DB수량) | L10: 미팅전환 건수 | M10: 미팅전환률 (미팅건수/DB수량) | N10: 수당 매출 | O10: 클로징 건수 | P10: 비고 (고객이름, 메모 등) | Q10: 클로징률 (클로징건수/DB수량) | R10: 순이익(원) | S10: ROAS (매출/광고비)*100 | T10: ROI (순이익/광고비)*100
A11: 12월 2주 12/7~12/13 (토~금) | B11: 맥스 | G11: =iferror(E11/D11,"") | J11: =iferror(G11/C11,"") | K11: =iferror(H11/I11,"") | M11: =iferror(L11/I11,"") | Q11: =iferror(O11/I11,"") | R11: =iferror(N11-H11,"") -> 0 | S11: =iferror(N11/H11,"") | T11: =iferror(R11/H11,"")
B12: 해리 | C12: 12/7~12/12 | D12: 3858 | E12: 149 | F12: =iferror(H12/E12,"") -> 505.20134 | G12: =iferror(E12/D12,"") -> 0.038621047 | H12: 75275 | I12: 13 | J12: =iferror(I12/E12,"") -> 0.087248322 | K12: =iferror(H12/I12,"") -> 5790.3846 | L12: 5 | M12: =iferror(L12/I12,"") -> 0.38461538 | N12: 880000 | O12: 1 | P12: 이호영 | Q12: =iferror(O12/I12,"") -> 0.076923077 | R12: =iferror(N12-H12,"") -> 804725 | S12: =iferror(N12/H12,"") -> 11.690468 | T12: =iferror(R12/H12,"") -> 10.690468
B13: 로즈 | C13: ~12/13 | D13: 5311 | E13: 278 | F13: =iferror(H13/E13,"") -> 501.47842 | G13: =iferror(E13/D13,"") -> 0.052344191 | H13: 139411 | I13: 37 | J13: =iferror(I13/E13,"") -> 0.13309353 | K13: =iferror(H13/I13,"") -> 3767.8649 | L13: 4 | M13: =iferror(L13/I13,"") -> 0.10810811 | P13: 15개 해리, 페르, 맥스에게 이관 | Q13: =iferror(O13/I13,"") -> 0 | R13: =iferror(N13-H13,"") -> -139411 | S13: =iferror(N13/H13,"") -> 0 | T13: =iferror(R13/H13,"") -> -1
B14: 페르 | F14: =iferror(H14/E14,"") | G14: =iferror(E14/D14,"") | J14: =iferror(G14/C14,"") | K14: =iferror(H14/I14,"") | M14: =iferror(L14/I14,"") | Q14: =iferror(O14/I14,"") | R14: =iferror(N14-H14,"") -> 0 | S14: =iferror(N14/H14,"") | T14: =iferror(R14/H14,"")
A15: 팀평균 | F15: =averageif(F11:F14,">0") -> 503.33988 | G15: =averageif(G11:G14,">0") -> 0.045482619 | I15: =SUM(I11:I14) -> 50 | J15: =averageif(J11:J14,">0") -> 0.11017092 | K15: =averageif(K11:K14,">0") -> 4779.1247 | M15: =averageif(M11:M14,">0") -> 0.24636175 | N15: =SUM(N11:N14) -> 880000 | O15: =SUM(O11:O14) -> 1 | Q15: =averageif(Q11:Q14,">0") -> 0.076923077 | S15: =averageif(S11:S14,">0") -> 11.690468 | T15: =averageif(T11:T14,">0") -> 10.690468
B17: 담당자 | C17: 매체분석 | I17: DB효율 | N17: 매출분석
C18: 작성시점 | D18: 노출량 | E18: 클릭 | F18: 클릭당 단가 (원) CPC (광고집행비/클릭) | G18: 클릭률 CTR (클릭/노출량) | H18: 주간 집행 광고비 | I18: DB수량 | J18: DB전환률 (DB수량/클릭) | K18: DB단가 (광고비/DB수량) | L18: 미팅전환 건수 | M18: 미팅전환률 (미팅건수/DB수량) | N18: 수당 매출 | O18: 클로징 건수 | P18: 비고 (고객이름, 메모 등) | Q18: 클로징률 (클로징건수/DB수량) | R18: 순이익(원) | S18: ROAS (매출/광고비)*100 | T18: ROI (순이익/광고비)*100
A19: 12월 3주 12/14~12/20 (토~금) | B19: 맥스 | G19: =iferror(E19/D19,"") | J19: =iferror(G19/C19,"") | K19: =iferror(H19/I19,"") | M19: =iferror(L19/I19,"") | Q19: =iferror(O19/I19,"") | R19: =iferror(N19-H19,"") -> 0 | S19: =iferror(N19/H19,"") | T19: =iferror(R19/H19,"")
B20: 해리 | F20: =iferror(H20/E20,"") | G20: =iferror(E20/D20,"") | J20: =iferror(G20/C20,"") | K20: =iferror(H20/I20,"") | M20: =iferror(L20/I20,"") | Q20: =iferror(O20/I20,"") | R20: =iferror(N20-H20,"") -> 0 | S20: =iferror(N20/H20,"") | T20: =iferror(R20/H20,"")
B21: 로즈 | C21: ~12/20 | D21: 1807 | E21: 111 | F21: =iferror(H21/E21,"") -> 361.97297 | G21: =iferror(E21/D21,"") -> 0.061427781 | H21: 40179 | I21: 10 | J21: =iferror(I21/E21,"") -> 0.09009009 | K21: =iferror(H21/I21,"") -> 4017.9 | L21: 0 | M21: =iferror(L21/I21,"") -> 0 | P21: 10개 해리, 페르, 맥스에게 이관 | Q21: =iferror(O21/I21,"") -> 0 | R21: =iferror(N21-H21,"") -> -40179 | S21: =iferror(N21/H21,"") -> 0 | T21: =iferror(R21/H21,"") -> -1
B22: 페르 | F22: =iferror(H22/E22,"") | G22: =iferror(E22/D22,"") | J22: =iferror(G22/C22,"") | K22: =iferror(H22/I22,"") | M22: =iferror(L22/I22,"") | Q22: =iferror(O22/I22,"") | R22: =iferror(N22-H22,"") -> 0 | S22: =iferror(N22/H22,"") | T22: =iferror(R22/H22,"")
A23: 팀평균 | F23: =averageif(F19:F22,">0") -> 361.97297 | G23: =averageif(G19:G22,">0") -> 0.061427781 | I23: =SUM(I19:I22) -> 10 | J23: =averageif(J19:J22,">0") -> 0.09009009 | K23: =averageif(K19:K22,">0") -> 4017.9 | M23: =averageif(M19:M22,">0") -> #DIV/0! | N23: =SUM(N19:N22) -> 0 | O23: =SUM(O19:O22) -> 0 | Q23: =averageif(Q19:Q22,">0") -> #DIV/0! | S23: =averageif(S19:S22,">0") -> #DIV/0! | T23: =averageif(T19:T22,">0") -> #DIV/0!
B25: 담당자 | C25: 매체분석 | I25: DB효율 | N25: 매출분석
C26: 작성시점 | D26: 노출량 | E26: 클릭 | F26: 클릭당 단가 (원) CPC (광고집행비/클릭) | G26: 클릭률 CTR (클릭/노출량) | H26: 주간 집행 광고비 | I26: DB수량 | J26: DB전환률 (DB수량/클릭) | K26: DB단가 (광고비/DB수량) | L26: 미팅전환 건수 | M26: 미팅전환률 (미팅건수/DB수량) | N26: 수당 매출 | O26: 클로징 건수 | P26: 비고 (고객이름, 메모 등) | Q26: 클로징률 (클로징건수/DB수량) | R26: 순이익(원) | S26: ROAS (매출/광고비)*100 | T26: ROI (순이익/광고비)*100
A27: 12월 4주 12/21~12/31 (토~화) | B27: 맥스 | G27: =iferror(E27/D27,"") | J27: =iferror(G27/C27,"") | K27: =iferror(H27/I27,"") | M27: =iferror(L27/I27,"") | Q27: =iferror(O27/I27,"") | R27: =iferror(N27-H27,"") -> 0 | S27: =iferror(N27/H27,"") | T27: =iferror(R27/H27,"")
B28: 해리 | F28: =iferror(H28/E28,"") | G28: =iferror(E28/D28,"") | J28: =iferror(G28/C28,"") | K28: =iferror(H28/I28,"") | M28: =iferror(L28/I28,"") | Q28: =iferror(O28/I28,"") | R28: =iferror(N28-H28,"") -> 0 | S28: =iferror(N28/H28,"") | T28: =iferror(R28/H28,"")
B29: 로즈 | C29: ~12/31 | D29: 5833 | E29: 304 | F29: =iferror(H29/E29,"") -> 402.57895 | G29: =iferror(E29/D29,"") -> 0.052117264 | H29: 122384 | I29: 44 | J29: =iferror(I29/E29,"") -> 0.14473684 | K29: =iferror(H29/I29,"") -> 2781.4545 | L29: 3 | M29: =iferror(L29/I29,"") -> 0.068181818 | N29: 880000 | O29: 1 | P29: 김베드로 | Q29: =iferror(O29/I29,"") -> 0.022727273 | R29: =iferror(N29-H29,"") -> 757616 | S29: =iferror(N29/H29,"") -> 7.1904824 | T29: =iferror(R29/H29,"") -> 6.1904824
B30: 페르 | F30: =iferror(H30/E30,"") | G30: =iferror(E30/D30,"") | J30: =iferror(G30/C30,"") | K30: =iferror(H30/I30,"") | M30: =iferror(L30/I30,"") | Q30: =iferror(O30/I30,"") | R30: =iferror(N30-H30,"") -> 0 | S30: =iferror(N30/H30,"") | T30: =iferror(R30/H30,"")
A31: 팀평균 | F31: =averageif(F27:F30,">0") -> 402.57895 | G31: =averageif(G27:G30,">0") -> 0.052117264 | I31: =SUM(I27:I30) -> 44 | J31: =averageif(J27:J30,">0") -> 0.14473684 | K31: =averageif(K27:K30,">0") -> 2781.4545 | M31: =averageif(M27:M30,">0") -> 0.068181818 | N31: =SUM(N27:N30) -> 880000 | O31: =SUM(O27:O30) -> 1 | Q31: =averageif(Q27:Q30,">0") -> 0.022727273 | S31: =averageif(S27:S30,">0") -> 7.1904824 | T31: =averageif(T27:T30,">0") -> 6.1904824
A33: 12월 | B33: 담당자 | C33: 매체분석 | I33: DB효율 | N33: 매출분석
C34: 작성시점 | D34: 노출량 | E34: 클릭 | F34: 클릭당 단가 (원) CPC (광고집행비/클릭) | G34: 클릭률 CTR (클릭/노출량) | H34: 월간 집행 광고비 | I34: DB수량 | J34: DB전환률 (DB수량/클릭) | K34: DB단가 (광고비/DB수량) | L34: 미팅전환 건수 | M34: 미팅전환률 (미팅건수/DB수량) | N34: 수당 매출 | O34: 클로징 건수 | P34: 비고 (고객이름, 메모 등) | Q34: 클로징률 (클로징건수/DB수량) | R34: 순이익(원) | S34: ROAS (매출/광고비)*100 | T34: ROI (순이익/광고비)*100
A35: 12월 통계 | B35: 맥스 | D35: =D3+D11+D19+D27 -> 0 | E35: =E3+E11+E19+E27 -> 0 | F35: =iferror(H35/E35,"") | G35: =iferror(E35/D35,"") | H35: =H3+H11+H19+H27 -> 0 | I35: =I3+I11+I19+I27 -> 0 | J35: =iferror(F35/B35,"") | K35: =iferror(E35/F35,"") | L35: =L3+L11+L19+L27 -> 0 | M35: =iferror(I35/E35,"") | N35: =N3+N11+N19+N27 -> 0 | O35: =O3+O11+O19+O27 -> 0 | Q35: =iferror(O35/I35,"") | R35: =iferror(N35-H35,"") -> 0 | S35: =iferror(N35/H35,"") | T35: =iferror(R35/H35,"")
B36: 해리 | D36: =D4+D12+D20+D28 -> 8591 | E36: =E4+E12+E20+E28 -> 397 | F36: =iferror(H36/E36,"") -> 695.0529 | G36: =iferror(E36/D36,"") -> 0.046211151 | H36: =H4+H12+H20+H28 -> 275936 | I36: =I4+I12+I20+I28 -> 125 | J36: =iferror(I36/E36,"") -> 0.31486146 | K36: =iferror(H36/I36,"") -> 2207.488 | L36: =L4+L12+L20+L28 -> 30 | M36: =iferror(I36/E36,"") -> 0.31486146 | N36: =N4+N12+N20+N28 -> 2360000 | O36: =O4+O12+O20+O28 -> 4 | Q36: =iferror(O36/I36,"") -> 0.032 | R36: =iferror(N36-H36,"") -> 2084064 | S36: =iferror(N36/H36,"") -> 8.5527079 | T36: =iferror(R36/H36,"") -> 7.5527079
B37: 로즈 | D37: =D5+D13+D21+D29 -> 14506 | E37: =E5+E13+E21+E29 -> 779 | F37: =iferror(H37/E37,"") -> 472.6534 | G37: =iferror(E37/D37,"") -> 0.053701916 | H37: =H5+H13+H21+H29 -> 368197 | I37: =I5+I13+I21+I29 -> 101 | J37: =iferror(I37/E37,"") -> 0.1296534 | K37: =iferror(H37/I37,"") -> 3645.5149 | L37: =L5+L13+L21+L29 -> 8 | M37: =iferror(I37/E37,"") -> 0.1296534 | N37: =N5+N13+N21+N29 -> 880000 | O37: =O5+O13+O21+O29 -> 1 | Q37: =iferror(O37/I37,"") -> 0.0099009901 | R37: =iferror(N37-H37,"") -> 511803 | S37: =iferror(N37/H37,"") -> 2.3900249 | T37: =iferror(R37/H37,"") -> 1.3900249
B38: 페르 | D38: =D6+D14+D22+D30 -> 0 | E38: =E6+E14+E22+E30 -> 0 | F38: =iferror(H38/E38,"") | G38: =iferror(E38/D38,"") | H38: =H6+H14+H22+H30 -> 0 | I38: =I6+I14+I22+I30 -> 0 | J38: =iferror(F38/B38,"") | K38: =iferror(E38/F38,"") | L38: =L6+L14+L22+L30 -> 0 | M38: =iferror(I38/E38,"") | N38: =N6+N14+N22+N30 -> 0 | O38: =O6+O14+O22+O30 -> 0 | Q38: =iferror(O38/I38,"") | R38: =iferror(N38-H38,"") -> 0 | S38: =iferror(N38/H38,"") | T38: =iferror(R38/H38,"")
A39: 팀평균 | F39: =averageif(F35:F38,">0") -> 583.85315 | G39: =averageif(G35:G38,">0") -> 0.049956534 | I39: =SUM(I35:I38) -> 226 | K39: =averageif(K35:K38,">0") -> 2926.5014 | M39: =averageif(M35:M38,">0") -> 0.22225743 | N39: =SUM(N35:N38) -> 3240000 | O39: =SUM(O35:O38) -> 5 | Q39: =averageif(Q35:Q38,">0") -> 0.020950495 | S39: =averageif(S35:S38,">0") -> 5.4713664 | T39: =averageif(T35:T38,">0") -> 4.4713664

Sheet 11월
A1: 11월 | B1: 담당자 | C1: 매체분석 | I1: DB효율 | L1: 매출분석
C2: 작성시점 | D2: 노출량 | E2: 클릭 | F2: 클릭당 단가 (원) CPC (광고집행비/클릭) | G2: 클릭률 CTR (클릭/노출량) | H2: 주간 집행 광고비 | I2: DB수량 | J2: DB전환률 (DB수량/클릭) | K2: DB단가 (광고비/DB수량) | L2: 수당 매출 | M2: DB 클로징 건수 | N2: 비고 (고객이름, 메모 등) | O2: 판매수량 (객실 수) | P2: 판매수량 (동반 총인원) | Q2: 클로징률 (클로징건수/DB수량) | R2: 순이익(원) | S2: ROAS (매출/광고비)*100 | T2: ROI (순이익/광고비)*100
A3: 11월 1주 11/2~11/8 (토~금) | B3: 맥스 | F3: =iferror(H3/E3,"") | G3: =iferror(E3/D3,"") | J3: =iferror(I3/E3,"") | K3: =iferror(H3/I3,"") | Q3: =iferror(M3/I3,"") | R3: =iferror(L3-H3,"") -> 0 | S3: =iferror(L3/H3,"") | T3: =iferror(R3/H3,"")
B4: 해리 | F4: =iferror(H4/E4,"") | G4: =iferror(E4/D4,"") | J4: =iferror(I4/E4,"") | K4: =iferror(H4/I4,"") | Q4: =iferror(M4/I4,"") | R4: =iferror(L4-H4,"") -> 0 | S4: =iferror(L4/H4,"") | T4: =iferror(R4/H4,"")
B5: 로즈 | F5: =iferror(H5/E5,"") | G5: =iferror(E5/D5,"") | J5: =iferror(I5/E5,"") | K5: =iferror(H5/I5,"") | L5: 160000 | M5: 1 | N5: 박지은(저) | O5: 1 | P5: 2 | Q5: =iferror(M5/I5,"") | R5: =iferror(L5-H5,"") -> 160000 | S5: =iferror(L5/H5,"") | T5: =iferror(R5/H5,"")
B6: 페르 | F6: =iferror(H6/E6,"") | G6: =iferror(E6/D6,"") | J6: =iferror(I6/E6,"") | K6: =iferror(H6/I6,"") | Q6: =iferror(M6/I6,"") | R6: =iferror(L6-H6,"") -> 0 | S6: =iferror(L6/H6,"") | T6: =iferror(R6/H6,"")
A7: 팀평균 | F7: =averageif(F3:F6,">0") -> #DIV/0! | G7: =averageif(G3:G6,">0") -> #DIV/0! | I7: =SUM(I3:I6) -> 0 | J7: =averageif(J3:J6,">0") -> #DIV/0! | K7: =averageif(K3:K6,">0") -> #DIV/0! | L7: =SUM(L3:L6) -> 160000 | M7: =SUM(M3:M6) -> 1 | O7: =SUM(O3:O6) -> 1 | P7: =SUM(P3:P6) -> 2 | Q7: =averageif(Q3:Q6,">0") -> #DIV/0! | S7: =averageif(S3:S6,">0") -> #DIV/0! | T7: =averageif(T3:T6,">0") -> #DIV/0!
B9: 담당자 | C9: 매체분석 | I9: DB효율 | L9: 매출분석
C10: 작성시점 | D10: 노출량 | E10: 클릭 | F10: 클릭당 단가 (원) CPC (광고집행비/클릭) | G10: 클릭률 CTR (클릭/노출량) | H10: 주간 집행 광고비 | I10: DB수량 | J10: DB전환률 (DB수량/클릭) | K10: DB단가 (광고비/DB수량) | L10: 수당 매출 | M10: DB 클로징 건수 | N10: 비고 (고객이름, 메모 등) | O10: 판매수량 (객실 수) | P10: 판매수량 (동반 총인원) | Q10: 클로징률 (클로징건수/DB수량) | R10: 순이익(원) | S10: ROAS (매출/광고비)*100 | T10: ROI (순이익/광고비)*100
A11: 11월 2주 11/9~11/15 (토~금) | B11: 맥스 | G11: =iferror(E11/D11,"") | J11: =iferror(I11/E11,"") | K11: =iferror(H11/I11,"") | L11: 200000 | M11: 1 | N11: 김태복 | Q11: =iferror(M11/I11,"") | R11: =iferror(L11-H11,"") -> 200000 | S11: =iferror(L11/H11,"") | T11: =iferror(R11/H11,"")
B12: 해리 | F12: =iferror(H12/E12,"") | G12: =iferror(E12/D12,"") | J12: =iferror(I12/E12,"") | K12: =iferror(H12/I12,"") | L12: 280000 | M12: 2 | N12: 임진, 윤영준 | O12: 2 | P12: 4 | Q12: =iferror(M12/I12,"") | R12: =iferror(L12-H12,"") -> 280000 | S12: =iferror(L12/H12,"") | T12: =iferror(R12/H12,"")
B13: 로즈 | F13: =iferror(H13/E13,"") | G13: =iferror(E13/D13,"") | J13: =iferror(I13/E13,"") | K13: =iferror(H13/I13,"") | L13: =320000+440000 -> 760000 | M13: 2 | N13: 김영지, 유희진 | O13: 4 | P13: 8 | Q13: =iferror(M13/I13,"") | R13: =iferror(L13-H13,"") -> 760000 | S13: =iferror(L13/H13,"") | T13: =iferror(R13/H13,"")
B14: 페르 | F14: =iferror(H14/E14,"") | G14: =iferror(E14/D14,"") | J14: =iferror(I14/E14,"") | K14: =iferror(H14/I14,"") | Q14: =iferror(M14/I14,"") | R14: =iferror(L14-H14,"") -> 0 | S14: =iferror(L14/H14,"") | T14: =iferror(R14/H14,"")
A15: 팀평균 | F15: =averageif(F11:F14,">0") -> #DIV/0! | G15: =averageif(G11:G14,">0") -> #DIV/0! | I15: =SUM(I11:I14) -> 0 | J15: =averageif(J11:J14,">0") -> #DIV/0! | K15: =averageif(K11:K14,">0") -> #DIV/0! | L15: =SUM(L11:L14) -> 1240000 | M15: =SUM(M11:M14) -> 5 | O15: =SUM(O11:O14) -> 6 | P15: =SUM(P12:P14) -> 12 | Q15: =averageif(Q11:Q14,">0") -> #DIV/0! | S15: =averageif(S11:S14,">0") -> #DIV/0! | T15: =averageif(T11:T14,">0") -> #DIV/0!
B17: 담당자 | C17: 매체분석 | I17: DB효율 | L17: 매출분석
C18: 작성시점 | D18: 노출량 | E18: 클릭 | F18: 클릭당 단가 (원) CPC (광고집행비/클릭) | G18: 클릭률 CTR (클릭/노출량) | H18: 주간 집행 광고비 | I18: DB수량 | J18: DB전환률 (DB수량/클릭) | K18: DB단가 (광고비/DB수량) | L18: 수당 매출 | M18: DB 클로징 건수 | N18: 비고 (고객이름, 메모 등) | O18: 판매수량 (객실 수) | P18: 판매수량 (동반 총인원) | Q18: 클로징률 (클로징건수/DB수량) | R18: 순이익(원) | S18: ROAS (매출/광고비)*100 | T18: ROI (순이익/광고비)*100
A19: 11월 3주 11/16~11/22 (토~금) | B19: 맥스 | G19: =iferror(E19/D19,"") | J19: =iferror(I19/E19,"") | K19: =iferror(H19/I19,"") | Q19: =iferror(M19/I19,"") | R19: =iferror(L19-H19,"") -> 0 | S19: =iferror(L19/H19,"") | T19: =iferror(R19/H19,"")
B20: 해리 | F20: =iferror(H20/E20,"") | G20: =iferror(E20/D20,"") | J20: =iferror(I20/E20,"") | K20: =iferror(H20/I20,"") | Q20: =iferror(M20/I20,"") | R20: =iferror(L20-H20,"") -> 0 | S20: =iferror(L20/H20,"") | T20: =iferror(R20/H20,"")
B21: 로즈 | F21: =iferror(H21/E21,"") | G21: =iferror(E21/D21,"") | J21: =iferror(I21/E21,"") | K21: =iferror(H21/I21,"") | L21: =20000+20000+40000+20000 -> 100000 | N21: 일본관광패키지 (김홍민2, 정춘자2, 김상환4, 박정섭2) | Q21: =iferror(M21/I21,"") | R21: =iferror(L21-H21,"") -> 100000 | S21: =iferror(L21/H21,"") | T21: =iferror(R21/H21,"")
B22: 페르 | F22: =iferror(H22/E22,"") | G22: =iferror(E22/D22,"") | J22: =iferror(I22/E22,"") | K22: =iferror(H22/I22,"") | Q22: =iferror(M22/I22,"") | R22: =iferror(L22-H22,"") -> 0 | S22: =iferror(L22/H22,"") | T22: =iferror(R22/H22,"")
A23: 팀평균 | F23: =averageif(F19:F22,">0") -> #DIV/0! | G23: =averageif(G19:G22,">0") -> #DIV/0! | I23: =SUM(I19:I22) -> 0 | J23: =averageif(J19:J22,">0") -> #DIV/0! | K23: =averageif(K19:K22,">0") -> #DIV/0! | L23: =SUM(L19:L22) -> 100000 | M23: =SUM(M19:M22) -> 0 | O23: =SUM(O19:O22) -> 0 | P23: =SUM(P19:P22) -> 0 | Q23: =averageif(Q19:Q22,">0") -> #DIV/0! | S23: =averageif(S19:S22,">0") -> #DIV/0! | T23: =averageif(T19:T22,">0") -> #DIV/0!
B25: 담당자 | C25: 매체분석 | I25: DB효율 | L25: 매출분석
C26: 작성시점 | D26: 노출량 | E26: 클릭 | F26: 클릭당 단가 (원) CPC (광고집행비/클릭) | G26: 클릭률 CTR (클릭/노출량) | H26: 주간 집행 광고비 | I26: DB수량 | J26: DB전환률 (DB수량/클릭) | K26: DB단가 (광고비/DB수량) | L26: 수당 매출 | M26: DB 클로징 건수 | N26: 비고 (고객이름, 메모 등) | O26: 판매수량 (객실 수) | P26: 판매수량 (동반 총인원) | Q26: 클로징률 (클로징건수/DB수량) | R26: 순이익(원) | S26: ROAS (매출/광고비)*100 | T26: ROI (순이익/광고비)*100
A27: 11월 4주 11/23~11/29 (토~금) | B27: 맥스 | G27: =iferror(E27/D27,"") | J27: =iferror(I27/E27,"") | K27: =iferror(H27/I27,"") | Q27: =iferror(M27/I27,"") | R27: =iferror(L27-H27,"") -> 0 | S27: =iferror(L27/H27,"") | T27: =iferror(R27/H27,"")
B28: 해리 | F28: =iferror(H28/E28,"") | G28: =iferror(E28/D28,"") | J28: =iferror(I28/E28,"") | K28: =iferror(H28/I28,"") | Q28: =iferror(M28/I28,"") | R28: =iferror(L28-H28,"") -> 0 | S28: =iferror(L28/H28,"") | T28: =iferror(R28/H28,"")
B29: 로즈 | F29: =iferror(H29/E29,"") | G29: =iferror(E29/D29,"") | J29: =iferror(I29/E29,"") | K29: =iferror(H29/I29,"") | L29: =200000-120000 -> 80000 | M29: 1 | N29: 정성예, (김주희환불) | O29: 1 | P29: 2 | Q29: =iferror(M29/I29,"") | R29: =iferror(L29-H29,"") -> 80000 | S29: =iferror(L29/H29,"") | T29: =iferror(R29/H29,"")
B30: 페르 | F30: =iferror(H30/E30,"") | G30: =iferror(E30/D30,"") | J30: =iferror(I30/E30,"") | K30: =iferror(H30/I30,"") | Q30: =iferror(M30/I30,"") | R30: =iferror(L30-H30,"") -> 0 | S30: =iferror(L30/H30,"") | T30: =iferror(R30/H30,"")
A31: 팀평균 | F31: =averageif(F27:F30,">0") -> #DIV/0! | G31: =averageif(G27:G30,">0") -> #DIV/0! | I31: =SUM(I27:I30) -> 0 | J31: =averageif(J27:J30,">0") -> #DIV/0! | K31: =averageif(K27:K30,">0") -> #DIV/0! | L31: =SUM(L27:L30) -> 80000 | M31: =SUM(M27:M30) -> 1 | O31: =SUM(O27:O30) -> 1 | P31: =SUM(P27:P30) -> 2 | Q31: =averageif(Q27:Q30,">0") -> #DIV/0! | S31: =averageif(S27:S30,">0") -> #DIV/0! | T31: =averageif(T27:T30,">0") -> #DIV/0!
A33: 11월 | B33: 담당자 | C33: 매체분석 | I33: DB효율 | L33: 매출분석
C34: 작성시점 | D34: 노출량 | E34: 클릭 | F34: 클릭당 단가 (원) CPC (광고집행비/클릭) | G34: 클릭률 CTR (클릭/노출량) | H34: 월간 집행 광고비 | I34: DB수량 | J34: DB전환률 (DB수량/클릭) | K34: DB단가 (광고비/DB수량) | L34: 수당 매출 | M34: DB 클로징 건수 | N34: 비고 (고객이름, 메모 등) | O34: 판매수량 (객실 수) | P34: 판매수량 (동반 총인원) | Q34: 클로징률 (클로징건수/DB수량) | R34: 순이익(원) | S34: ROAS (매출/광고비)*100 | T34: ROI (순이익/광고비)*100
A35: 11월 통계 | B35: 맥스 | D35: =D3+D11+D19+D27 -> 0 | E35: =E3+E11+E19+E27 -> 0 | F35: =iferror(H35/E35,"") | G35: =iferror(E35/D35,"") | H35: =H3+H11+H19+H27 -> 0 | I35: =I3+I11+I19+I27 -> 0 | J35: =iferror(I35/E35,"") | K35: =iferror(H35/I35,"") | L35: =L3+L11+L19+L27 -> 200000 | M35: =M3+M11+M19+M27 -> 1 | O35: =O3+O11+O19+O27 -> 0 | P35: =P3+P11+P19+P27 -> 0 | Q35: =iferror(M35/I35,"") | R35: =iferror(L35-H35,"") -> 200000 | S35: =iferror(L35/H35,"") | T35: =iferror(R35/H35,"")
B36: 해리 | D36: =D4+D12+D20+D28 -> 0 | E36: =E4+E12+E20+E28 -> 0 | F36: =iferror(H36/E36,"") | G36: =iferror(E36/D36,"") | H36: =H4+H12+H20+H28 -> 0 | I36: =I4+I12+I20+I28 -> 0 | J36: =iferror(I36/E36,"") | K36: =iferror(H36/I36,"") | L36: =L4+L12+L20+L28 -> 280000 | M36: =M4+M12+M20+M28 -> 2 | O36: =O4+O12+O20+O28 -> 2 | P36: =P4+P12+P20+P28 -> 4 | Q36: =iferror(M36/I36,"") | R36: =iferror(L36-H36,"") -> 280000 | S36: =iferror(L36/H36,"") | T36: =iferror(R36/H36,"")
B37: 로즈 | D37: =D5+D13+D21+D29 -> 0 | E37: =E5+E13+E21+E29 -> 0 | F37: =iferror(H37/E37,"") | G37: =iferror(E37/D37,"") | H37: =H5+H13+H21+H29 -> 0 | I37: =I5+I13+I21+I29 -> 0 | J37: =iferror(I37/E37,"") | K37: =iferror(H37/I37,"") | L37: =L5+L13+L21+L29 -> 1100000 | M37: =M5+M13+M21+M29 -> 4 | O37: =O5+O13+O21+O29 -> 6 | P37: =P5+P13+P21+P29 -> 12 | Q37: =iferror(M37/I37,"") | R37: =iferror(L37-H37,"") -> 1100000 | S37: =iferror(L37/H37,"") | T37: =iferror(R37/H37,"")
B38: 페르 | D38: =D6+D14+D22+D30 -> 0 | E38: =E6+E14+E22+E30 -> 0 | F38: =iferror(H38/E38,"") | G38: =iferror(E38/D38,"") | H38: =H6+H14+H22+H30 -> 0 | I38: =I6+I14+I22+I30 -> 0 | J38: =iferror(I38/E38,"") | K38: =iferror(H38/I38,"") | L38: =L6+L14+L22+L30 -> 0 | M38: =M6+M14+M22+M30 -> 0 | O38: =O6+O14+O22+O30 -> 0 | P38: =P6+P14+P22+P30 -> 0 | Q38: =iferror(M38/I38,"") | R38: =iferror(L38-H38,"") -> 0 | S38: =iferror(L38/H38,"") | T38: =iferror(R38/H38,"")
A39: 팀평균 | F39: =averageif(F35:F38,">0") -> #DIV/0! | G39: =averageif(G35:G38,">0") -> #DIV/0! | I39: =SUM(I35:I38) -> 0 | J39: =averageif(J35:J38,">0") -> #DIV/0! | K39: =averageif(K35:K38,">0") -> #DIV/0! | L39: =SUM(L35:L38) -> 1580000 | M39: =SUM(M35:M38) -> 7 | O39: =SUM(O35:O38) -> 8 | P39: =SUM(P35:P38) -> 16 | Q39: =averageif(Q35:Q38,">0") -> #DIV/0! | S39: =averageif(S35:S38,">0") -> #DIV/0! | T39: =averageif(T35:T38,">0") -> #DIV/0!
A41: 9~11월 | B41: 담당자 | C41: 매체분석 | I41: DB효율 | L41: 매출분석
C42: 작성시점 | D42: 노출량 | E42: 클릭 | F42: 클릭당 단가 (원) CPC (광고집행비/클릭) | G42: 클릭률 CTR (클릭/노출량) | H42: 월간 집행 광고비 | I42: DB수량 | J42: DB전환률 (DB수량/클릭) | K42: DB단가 (광고비/DB수량) | L42: 수당 매출 | M42: DB 클로징 건수 | N42: 비고 (고객이름, 메모 등) | O42: 판매수량 (객실 수) | P42: 판매수량 (동반 총인원) | Q42: 클로징률 (클로징건수/DB수량) | R42: 순이익(원) | S42: ROAS (매출/광고비)*100 | T42: ROI (순이익/광고비)*100
A43: 홍일 크루즈 판매 통계 | B43: 맥스 | D43: =D35+'10월'!D51 -> 34248 | E43: =E35+'10월'!E51 -> 1522 | F43: =iferror(H43/E43,"") -> 353.14389 | G43: =iferror(E43/D43,"") -> 0.044440551 | H43: =H35+'10월'!H51 -> 537485 | I43: =I35+'10월'!I51 -> 119 | J43: =iferror(I43/E43,"") -> 0.078186597 | K43: =iferror(H43/I43,"") -> 4516.6807 | L43: =L35+'10월'!L51 -> 940000 | M43: =M35+'10월'!M51 -> 7 | O43: =O35+'10월'!O51 -> 6 | P43: =P35+'10월'!P51 -> 9 | Q43: =iferror(M43/I43,"") -> 0.058823529 | R43: =iferror(L43-H43,"") -> 402515 | S43: =iferror(L43/H43,"") -> 1.748886 | T43: =iferror(R43/H43,"") -> 0.74888602
B44: 해리 | D44: =D36+'10월'!D52 -> 30945 | E44: =E36+'10월'!E52 -> 1363 | F44: =iferror(H44/E44,"") -> 381.25312 | G44: =iferror(E44/D44,"") -> 0.044045888 | H44: =H36+'10월'!H52 -> 519648 | I44: =I36+'10월'!I52 -> 231 | J44: =iferror(I44/E44,"") -> 0.16947909 | K44: =iferror(H44/I44,"") -> 2249.5584 | L44: =L36+'10월'!L52 -> 2480000 | M44: =M36+'10월'!M52 -> 13 | O44: =O36+'10월'!O52 -> 18 | P44: =P36+'10월'!P52 -> 36 | Q44: =iferror(M44/I44,"") -> 0.056277056 | R44: =iferror(L44-H44,"") -> 1960352 | S44: =iferror(L44/H44,"") -> 4.7724614 | T44: =iferror(R44/H44,"") -> 3.7724614
B45: 로즈 | D45: =D37+'10월'!D53 -> 78644 | E45: =E37+'10월'!E53 -> 4665 | F45: =iferror(H45/E45,"") -> 256.612 | G45: =iferror(E45/D45,"") -> 0.059317939 | H45: =H37+'10월'!H53 -> 1197095 | I45: =I37+'10월'!I53 -> 415 | J45: =iferror(I45/E45,"") -> 0.088960343 | K45: =iferror(H45/I45,"") -> 2884.5663 | L45: =L37+'10월'!L53 -> 3300000 | M45: =M37+'10월'!M53 -> 20 | O45: =O37+'10월'!O53 -> 22 | P45: =P37+'10월'!P53 -> 44 | Q45: =iferror(M45/I45,"") -> 0.048192771 | R45: =iferror(L45-H45,"") -> 2102905 | S45: =iferror(L45/H45,"") -> 2.7566734 | T45: =iferror(R45/H45,"") -> 1.7566734
B46: 페르 | D46: =D38+'10월'!D54 -> 30261 | E46: =E38+'10월'!E54 -> 1471 | F46: =iferror(H46/E46,"") -> 326.59551 | G46: =iferror(E46/D46,"") -> 0.048610423 | H46: =H38+'10월'!H54 -> 480422 | I46: =I38+'10월'!I54 -> 115 | J46: =iferror(I46/E46,"") -> 0.07817811 | K46: =iferror(H46/I46,"") -> 4177.5826 | L46: =L38+'10월'!L54 -> 120000 | M46: =M38+'10월'!M54 -> 1 | O46: =O38+'10월'!O54 -> 1 | P46: =P38+'10월'!P54 -> 2 | Q46: =iferror(M46/I46,"") -> 0.0086956522 | R46: =iferror(L46-H46,"") -> -360422 | S46: =iferror(L46/H46,"") -> 0.2497804 | T46: =iferror(R46/H46,"") -> -0.7502196
A47: 팀평균 | F47: =averageif(F43:F46,">0") -> 329.40113 | G47: =averageif(G43:G46,">0") -> 0.0491037 | I47: =SUM(I43:I46) -> 880 | J47: =averageif(J43:J46,">0") -> 0.10370103 | K47: =averageif(K43:K46,">0") -> 3457.097 | L47: =SUM(L43:L46) -> 6840000 | M47: =SUM(M43:M46) -> 41 | O47: =SUM(O43:O46) -> 47 | P47: =SUM(P43:P46) -> 91 | Q47: =averageif(Q43:Q46,">0") -> 0.042997252 | S47: =averageif(S43:S46,">0") -> 2.3819503 | T47: =averageif(T43:T46,">0") -> 2.0926736
A49: 7~10월 | B49: 담당자 | C49: 매체분석 | I49: DB효율 | L49: 매출분석
C50: 작성시점 | D50: 노출량 | E50: 클릭 | F50: 클릭당 단가 (원) CPC (광고집행비/클릭) | G50: 클릭률 CTR (클릭/노출량) | H50: 누적 광고 집행비 | I50: DB수량 | J50: DB전환률 (DB수량/클릭) | K50: DB단가 (광고비/DB수량) | L50: 수당 매출 | M50: DB 클로징 건수 | N50: 비고 (고객이름, 메모 등) | O50: 판매수량 (객실 수) | P50: 판매수량 (동반 총인원) | Q50: 클로징률 (클로징건수/DB수량) | R50: 순이익(원) | S50: ROAS (매출/광고비)*100 | T50: ROI (순이익/광고비)*100
A51: 총 누적 통계 | B51: 맥스 | D51: ='10월'!D59+D35 -> 291248 | E51: ='10월'!E59+E35 -> 15385 | F51: =iferror(H51/E51,"") -> 189.83406 | G51: =iferror(E51/D51,"") -> 0.052824397 | H51: ='10월'!H59+H35 -> 2920597 | I51: ='10월'!I59+I35 -> 342 | J51: =iferror(I51/E51,"") -> 0.022229444 | K51: =iferror(H51/I51,"") -> 8539.7573 | L51: ='10월'!L59+L35 -> 4450000 | M51: ='10월'!M59+M35 -> 15 | O51: ='10월'!O59+O35 -> 8 | P51: ='10월'!P59+P35 -> 58 | Q51: =iferror(M51/I51,"") -> 0.043859649 | R51: =iferror(L51-H51,"") -> 1529403 | S51: =iferror(L51/H51,"") -> 1.5236611 | T51: =iferror(R51/H51,"") -> 0.52366109
B52: 해리 | D52: ='10월'!D60+D36 -> 164565 | E52: ='10월'!E60+E36 -> 8968 | F52: =iferror(H52/E52,"") -> 285.48539 | G52: =iferror(E52/D52,"") -> 0.054495184 | H52: ='10월'!H60+H36 -> 2560233 | I52: ='10월'!I60+I36 -> 615 | J52: =iferror(I52/E52,"") -> 0.068577163 | K52: =iferror(H52/I52,"") -> 4162.9805 | L52: ='10월'!L60+L36 -> 3980000 | M52: ='10월'!M60+M36 -> 23 | O52: ='10월'!O60+O36 -> 31 | P52: ='10월'!P60+P36 -> 66 | Q52: =iferror(M52/I52,"") -> 0.037398374 | R52: =iferror(L52-H52,"") -> 1419767 | S52: =iferror(L52/H52,"") -> 1.554546 | T52: =iferror(R52/H52,"") -> 0.55454601
B53: 로즈 | D53: ='10월'!D61+D37 -> 298520 | E53: ='10월'!E61+E37 -> 14902 | F53: =iferror(H53/E53,"") -> 184.01007 | G53: =iferror(E53/D53,"") -> 0.049919603 | H53: ='10월'!H61+H37 -> 2742118 | I53: ='10월'!I61+I37 -> 641 | J53: =iferror(I53/E53,"") -> 0.04301436 | K53: =iferror(H53/I53,"") -> 4277.8752 | L53: ='10월'!L61+L37 -> 5040000 | M53: ='10월'!M61+M37 -> 29 | O53: ='10월'!O61+O37 -> 32.5 | P53: ='10월'!P61+P37 -> 71 | Q53: =iferror(M53/I53,"") -> 0.04524181 | R53: =iferror(L53-H53,"") -> 2297882 | S53: =iferror(L53/H53,"") -> 1.8379953 | T53: =iferror(R53/H53,"") -> 0.8379953
B54: 페르 | D54: ='10월'!D62+D38 -> 234317 | E54: ='10월'!E62+E38 -> 11781 | F54: =iferror(H54/E54,"") -> 229.23334 | G54: =iferror(E54/D54,"") -> 0.050278042 | H54: ='10월'!H62+H38 -> 2700598 | I54: ='10월'!I62+I38 -> 428 | J54: =iferror(I54/E54,"") -> 0.036329683 | K54: =iferror(H54/I54,"") -> 6309.8084 | L54: ='10월'!L62+L38 -> 1470000 | M54: ='10월'!M62+M38 -> 8 | O54: ='10월'!O62+O38 -> 2 | P54: ='10월'!P62+P38 -> 23 | Q54: =iferror(M54/I54,"") -> 0.018691589 | R54: =iferror(L54-H54,"") -> -1230598 | S54: =iferror(L54/H54,"") -> 0.54432389 | T54: =iferror(R54/H54,"") -> -0.45567611
A55: 팀평균 | F55: =averageif(F51:F54,">0") -> 222.14071 | G55: =averageif(G51:G54,">0") -> 0.051879307 | I55: =SUM(I51:I54) -> 2026 | J55: =averageif(J51:J54,">0") -> 0.042537663 | K55: =averageif(K51:K54,">0") -> 5822.6054 | L55: =SUM(L51:L54) -> 14940000 | M55: =SUM(M51:M54) -> 75 | O55: =SUM(O51:O54) -> 73.5 | P55: =SUM(P51:P54) -> 218 | Q55: =averageif(Q51:Q54,">0") -> 0.036297855 | S55: =averageif(S51:S54,">0") -> 1.3651316 | T55: =averageif(T51:T54,">0") -> 0.63873413

Sheet 10월
A1: 10월 | B1: 담당자 | C1: 매체분석 | I1: DB효율 | L1: 매출분석
C2: 작성시점 | D2: 노출량 | E2: 클릭 | F2: 클릭당 단가 (원) CPC (광고집행비/클릭) | G2: 클릭률 CTR (클릭/노출량) | H2: 주간 집행 광고비 | I2: DB수량 | J2: DB전환률 (DB수량/클릭) | K2: DB단가 (광고비/DB수량) | L2: 수당 매출 | M2: DB 클로징 건수 | N2: 비고 (고객이름, 메모 등) | O2: 판매수량 (객실 수) | P2: 판매수량 (동반 총인원) | Q2: 클로징률 (클로징건수/DB수량) | R2: 순이익(원) | S2: ROAS (매출/광고비)*100 | T2: ROI (순이익/광고비)*100
A3: 10월 1주 9/29~10/4 (토~금) | B3: 맥스 | C3: 45569 | D3: 1848 | E3: 84 | F3: 436 | G3: =iferror(E3/D3,"") -> 0.045454545 | H3: 19823 | I3: 4 | J3: =iferror(I3/E3,"") -> 0.047619048 | K3: =iferror(H3/I3,"") -> 4955.75 | L3: 60000 | M3: 1 | N3: 박선규(조인) | O3: 1 | P3: 1 | Q3: =iferror(M3/I3,"") -> 0.25 | R3: =iferror(L3-H3,"") -> 40177 | S3: =iferror(L3/H3,"") -> 3.0267871 | T3: =iferror(R3/H3,"") -> 2.0267871
B4: 해리 | C4: 45567 | D4: 0 | E4: 0 | F4: =iferror(H4/E4,"") | G4: =iferror(E4/D4,"") | H4: 0 | I4: 21 | J4: =iferror(I4/E4,"") | K4: =iferror(H4/I4,"") -> 0 | L4: 400000 | M4: 1 | N4: 이상현 지인 | O4: 2 | P4: 4 | Q4: =iferror(M4/I4,"") -> 0.047619048 | R4: =iferror(L4-H4,"") -> 400000 | S4: =iferror(L4/H4,"") | T4: =iferror(R4/H4,"")
B5: 로즈 | C5: ~10/4까지 | D5: 5363 | E5: 263 | F5: =iferror(H5/E5,"") -> 333 | G5: =iferror(E5/D5,"") -> 0.049039717 | H5: 87579 | I5: 21 | J5: =iferror(I5/E5,"") -> 0.079847909 | K5: =iferror(H5/I5,"") -> 4170.4286 | L5: 480000 | M5: 3 | N5: 서윤경, 박정섭. 정춘자(패) | O5: 3 | P5: 6 | Q5: =iferror(M5/I5,"") -> 0.14285714 | R5: =iferror(L5-H5,"") -> 392421 | S5: =iferror(L5/H5,"") -> 5.4807659 | T5: =iferror(R5/H5,"") -> 4.4807659
B6: 페르 | F6: =iferror(H6/E6,"") | G6: =iferror(E6/D6,"") | J6: =iferror(I6/E6,"") | K6: =iferror(H6/I6,"") | Q6: =iferror(M6/I6,"") | R6: =iferror(L6-H6,"") -> 0 | S6: =iferror(L6/H6,"") | T6: =iferror(R6/H6,"")
A7: 팀평균 | F7: =averageif(F3:F6,">0") -> 384.5 | G7: =averageif(G3:G6,">0") -> 0.047247131 | I7: =SUM(I3:I6) -> 46 | J7: =averageif(J3:J6,">0") -> 0.063733478 | K7: =averageif(K3:K6,">0") -> 4563.0893 | L7: =SUM(L3:L6) -> 940000 | M7: =SUM(M3:M6) -> 5 | O7: =SUM(O3:O6) -> 6 | P7: =SUM(P3:P6) -> 11 | Q7: =averageif(Q3:Q6,">0") -> 0.1468254 | S7: =averageif(S3:S6,">0") -> 4.2537765 | T7: =averageif(T3:T6,">0") -> 3.2537765
A9: 10월 | B9: 담당자 | C9: 매체분석 | I9: DB효율 | L9: 매출분석
C10: 작성시점 | D10: 노출량 | E10: 클릭 | F10: 클릭당 단가 (원) CPC (광고집행비/클릭) | G10: 클릭률 CTR (클릭/노출량) | H10: 주간 집행 광고비 | I10: DB수량 | J10: DB전환률 (DB수량/클릭) | K10: DB단가 (광고비/DB수량) | L10: 수당 매출 | M10: DB 클로징 건수 | N10: 비고 (고객이름, 메모 등) | O10: 판매수량 (객실 수) | P10: 판매수량 (동반 총인원) | Q10: 클로징률 (클로징건수/DB수량) | R10: 순이익(원) | S10: ROAS (매출/광고비)*100 | T10: ROI (순이익/광고비)*100
A11: 10월 2주 10/5~10/11 (토~금) | B11: 맥스 | C11: 45576 | D11: 9469 | E11: 445 | F11: 311 | G11: =iferror(E11/D11,"") -> 0.046995459 | H11: 138401 | I11: 36 | J11: =iferror(I11/E11,"") -> 0.080898876 | K11: =iferror(H11/I11,"") -> 3844.4722 | L11: 120000 | M11: 1 | N11: 심순애 | O11: 1 | P11: 2 | Q11: =iferror(M11/I11,"") -> 0.027777778 | R11: =iferror(L11-H11,"") -> -18401 | S11: =iferror(L11/H11,"") -> 0.86704576 | T11: =iferror(R11/H11,"") -> -0.13295424
B12: 해리 | C12: 45572 | D12: 0 | E12: 0 | F12: =iferror(H12/E12,"") | G12: =iferror(E12/D12,"") | H12: 0 | I12: 42 | J12: =iferror(I12/E12,"") | K12: =iferror(H12/I12,"") -> 0 | Q12: =iferror(M12/I12,"") -> 0 | R12: =iferror(L12-H12,"") -> 0 | S12: =iferror(L12/H12,"") | T12: =iferror(R12/H12,"")
B13: 로즈 | C13: 45576 | D13: 7091 | E13: 397 | F13: =iferror(H13/E13,"") -> 302.65995 | G13: =iferror(E13/D13,"") -> 0.055986462 | H13: 120156 | I13: 32 | J13: =iferror(I13/E13,"") -> 0.080604534 | K13: =iferror(H13/I13,"") -> 3754.875 | Q13: =iferror(M13/I13,"") -> 0 | R13: =iferror(L13-H13,"") -> -120156 | S13: =iferror(L13/H13,"") -> 0 | T13: =iferror(R13/H13,"") -> -1
B14: 페르 | F14: =iferror(H14/E14,"") | G14: =iferror(E14/D14,"") | J14: =iferror(I14/E14,"") | K14: =iferror(H14/I14,"") | Q14: =iferror(M14/I14,"") | R14: =iferror(L14-H14,"") -> 0 | S14: =iferror(L14/H14,"") | T14: =iferror(R14/H14,"")
A15: 팀평균 | F15: =averageif(F11:F14,">0") -> 306.82997 | G15: =averageif(G11:G14,">0") -> 0.05149096 | I15: =SUM(I11:I14) -> 110 | J15: =averageif(J11:J14,">0") -> 0.080751705 | K15: =averageif(K11:K14,">0") -> 3799.6736 | L15: =SUM(L11:L14) -> 120000 | M15: =SUM(M11:M14) -> 1 | O15: =SUM(O11:O14) -> 1 | P15: =SUM(P12:P14) -> 0 | Q15: =averageif(Q11:Q14,">0") -> 0.027777778 | S15: =averageif(S11:S14,">0") -> 0.86704576 | T15: =averageif(T11:T14,">0") -> #DIV/0!
A17: 10월 | B17: 담당자 | C17: 매체분석 | I17: DB효율 | L17: 매출분석
C18: 작성시점 | D18: 노출량 | E18: 클릭 | F18: 클릭당 단가 (원) CPC (광고집행비/클릭) | G18: 클릭률 CTR (클릭/노출량) | H18: 주간 집행 광고비 | I18: DB수량 | J18: DB전환률 (DB수량/클릭) | K18: DB단가 (광고비/DB수량) | L18: 수당 매출 | M18: DB 클로징 건수 | N18: 비고 (고객이름, 메모 등) | O18: 판매수량 (객실 수) | P18: 판매수량 (동반 총인원) | Q18: 클로징률 (클로징건수/DB수량) | R18: 순이익(원) | S18: ROAS (매출/광고비)*100 | T18: ROI (순이익/광고비)*100
A19: 10월 3주 10/12~10/18 (토~금) | B19: 맥스 | C19: 45583 | D19: 8785 | E19: 344 | F19: 374 | G19: =iferror(E19/D19,"") -> 0.039157655 | H19: 128540 | I19: 27 | J19: =iferror(I19/E19,"") -> 0.078488372 | K19: =iferror(H19/I19,"") -> 4760.7407 | L19: 120000 | M19: 1 | N19: 최철 | O19: 1 | P19: 2 | Q19: =iferror(M19/I19,"") -> 0.037037037 | R19: =iferror(L19-H19,"") -> -8540 | S19: =iferror(L19/H19,"") -> 0.93356154 | T19: =iferror(R19/H19,"") -> -0.066438463
B20: 해리 | C20: 45580 | D20: 2946 | E20: 182 | F20: =iferror(H20/E20,"") -> 268.10989 | G20: =iferror(E20/D20,"") -> 0.061778683 | H20: 48796 | I20: 12 | J20: =iferror(I20/E20,"") -> 0.065934066 | K20: =iferror(H20/I20,"") -> 4066.3333 | Q20: =iferror(M20/I20,"") -> 0 | R20: =iferror(L20-H20,"") -> -48796 | S20: =iferror(L20/H20,"") -> 0 | T20: =iferror(R20/H20,"") -> -1
B21: 로즈 | C21: ~10/18까지 | D21: 12208 | E21: 505 | F21: =iferror(H21/E21,"") -> 288.51287 | G21: =iferror(E21/D21,"") -> 0.041366317 | H21: 145699 | I21: 39 | J21: =iferror(I21/E21,"") -> 0.077227723 | K21: =iferror(H21/I21,"") -> 3735.8718 | L21: 400000 | M21: 1 | N21: 페르DB9개포함값 | O21: 2 | P21: 4 | Q21: =iferror(M21/I21,"") -> 0.025641026 | R21: =iferror(L21-H21,"") -> 254301 | S21: =iferror(L21/H21,"") -> 2.745386 | T21: =iferror(R21/H21,"") -> 1.745386
B22: 페르 | F22: =iferror(H22/E22,"") | G22: =iferror(E22/D22,"") | J22: =iferror(I22/E22,"") | K22: =iferror(H22/I22,"") | Q22: =iferror(M22/I22,"") | R22: =iferror(L22-H22,"") -> 0 | S22: =iferror(L22/H22,"") | T22: =iferror(R22/H22,"")
A23: 팀평균 | F23: =averageif(F19:F22,">0") -> 310.20759 | G23: =averageif(G19:G22,">0") -> 0.047434218 | I23: =SUM(I19:I22) -> 78 | J23: =averageif(J19:J22,">0") -> 0.073883387 | K23: =averageif(K19:K22,">0") -> 4187.6486 | L23: =SUM(L19:L22) -> 520000 | M23: =SUM(M19:M22) -> 2 | O23: =SUM(O19:O22) -> 3 | P23: =SUM(P19:P22) -> 6 | Q23: =averageif(Q19:Q22,">0") -> 0.031339031 | S23: =averageif(S19:S22,">0") -> 1.8394738 | T23: =averageif(T19:T22,">0") -> 1.745386
A25: 10월 | B25: 담당자 | C25: 매체분석 | I25: DB효율 | L25: 매출분석
C26: 작성시점 | D26: 노출량 | E26: 클릭 | F26: 클릭당 단가 (원) CPC (광고집행비/클릭) | G26: 클릭률 CTR (클릭/노출량) | H26: 주간 집행 광고비 | I26: DB수량 | J26: DB전환률 (DB수량/클릭) | K26: DB단가 (광고비/DB수량) | L26: 수당 매출 | M26: DB 클로징 건수 | N26: 비고 (고객이름, 메모 등) | O26: 판매수량 (객실 수) | P26: 판매수량 (동반 총인원) | Q26: 클로징률 (클로징건수/DB수량) | R26: 순이익(원) | S26: ROAS (매출/광고비)*100 | T26: ROI (순이익/광고비)*100
A27: 10월 4주 10/19~10/25 (토~금) | B27: 맥스 | C27: 45590 | D27: 5154 | E27: 217 | F27: 305 | G27: =iferror(E27/D27,"") -> 0.042103221 | H27: 66229 | I27: 10 | J27: =iferror(I27/E27,"") -> 0.046082949 | K27: =iferror(H27/I27,"") -> 6622.9 | L27: 120000 | M27: 1 | N27: 유진경,최진주 | O27: 1 | P27: 2 | Q27: =iferror(M27/I27,"") -> 0.1 | R27: =iferror(L27-H27,"") -> 53771 | S27: =iferror(L27/H27,"") -> 1.8118951 | T27: =iferror(R27/H27,"") -> 0.81189509
B28: 해리 | F28: =iferror(H28/E28,"") | G28: =iferror(E28/D28,"") | J28: =iferror(I28/E28,"") | K28: =iferror(H28/I28,"") | Q28: =iferror(M28/I28,"") | R28: =iferror(L28-H28,"") -> 0 | S28: =iferror(L28/H28,"") | T28: =iferror(R28/H28,"")
B29: 로즈 | C29: 45587 | D29: 3738 | E29: 177 | F29: =iferror(H29/E29,"") -> 305.96045 | G29: =iferror(E29/D29,"") -> 0.047351525 | H29: 54155 | I29: 12 | J29: =iferror(I29/E29,"") -> 0.06779661 | K29: =iferror(H29/I29,"") -> 4512.9167 | Q29: =iferror(M29/I29,"") -> 0 | R29: =iferror(L29-H29,"") -> -54155 | S29: =iferror(L29/H29,"") -> 0 | T29: =iferror(R29/H29,"") -> -1
B30: 페르 | F30: =iferror(H30/E30,"") | G30: =iferror(E30/D30,"") | J30: =iferror(I30/E30,"") | K30: =iferror(H30/I30,"") | Q30: =iferror(M30/I30,"") | R30: =iferror(L30-H30,"") -> 0 | S30: =iferror(L30/H30,"") | T30: =iferror(R30/H30,"")
A31: 팀평균 | F31: =averageif(F27:F30,">0") -> 305.48023 | G31: =averageif(G27:G30,">0") -> 0.044727373 | I31: =SUM(I27:I30) -> 22 | J31: =averageif(J27:J30,">0") -> 0.05693978 | K31: =averageif(K27:K30,">0") -> 5567.9083 | L31: =SUM(L27:L30) -> 120000 | M31: =SUM(M27:M30) -> 1 | O31: =SUM(O27:O30) -> 1 | P31: =SUM(P27:P30) -> 2 | Q31: =averageif(Q27:Q30,">0") -> 0.1 | S31: =averageif(S27:S30,">0") -> 1.8118951 | T31: =averageif(T27:T30,">0") -> 0.81189509
A33: 10월 | B33: 담당자 | C33: 매체분석 | I33: DB효율 | L33: 매출분석
C34: 작성시점 | D34: 노출량 | E34: 클릭 | F34: 클릭당 단가 (원) CPC (광고집행비/클릭) | G34: 클릭률 CTR (클릭/노출량) | H34: 주간 집행 광고비 | I34: DB수량 | J34: DB전환률 (DB수량/클릭) | K34: DB단가 (광고비/DB수량) | L34: 수당 매출 | M34: DB 클로징 건수 | N34: 비고 (고객이름, 메모 등) | O34: 판매수량 (객실 수) | P34: 판매수량 (동반 총인원) | Q34: 클로징률 (클로징건수/DB수량) | R34: 순이익(원) | S34: ROAS (매출/광고비)*100 | T34: ROI (순이익/광고비)*100
A35: 10월 5주 10/26~11/1 (토~금) | B35: 맥스 | F35: =iferror(H35/E35,"") | G35: =iferror(E35/D35,"") | J35: =iferror(I35/E35,"") | K35: =iferror(H35/I35,"") | Q35: =iferror(M35/I35,"") | R35: =iferror(L35-H35,"") -> 0 | S35: =iferror(L35/H35,"") | T35: =iferror(R35/H35,"")
B36: 해리 | F36: =iferror(H36/E36,"") | G36: =iferror(E36/D36,"") | J36: =iferror(I36/E36,"") | K36: =iferror(H36/I36,"") | L36: 120000 | M36: 1 | N36: 최원주 | O36: 1 | P36: 2 | Q36: =iferror(M36/I36,"") | R36: =iferror(L36-H36,"") -> 120000 | S36: =iferror(L36/H36,"") | T36: =iferror(R36/H36,"")
B37: 로즈 | F37: =iferror(H37/E37,"") | G37: =iferror(E37/D37,"") | J37: =iferror(I37/E37,"") | K37: =iferror(H37/I37,"") | Q37: =iferror(M37/I37,"") | R37: =iferror(L37-H37,"") -> 0 | S37: =iferror(L37/H37,"") | T37: =iferror(R37/H37,"")
B38: 페르 | F38: =iferror(H38/E38,"") | G38: =iferror(E38/D38,"") | J38: =iferror(I38/E38,"") | K38: =iferror(H38/I38,"") | Q38: =iferror(M38/I38,"") | R38: =iferror(L38-H38,"") -> 0 | S38: =iferror(L38/H38,"") | T38: =iferror(R38/H38,"")
A39: 팀평균 | F39: =averageif(F35:F38,">0") -> #DIV/0! | G39: =averageif(G35:G38,">0") -> #DIV/0! | I39: =SUM(I35:I38) -> 0 | J39: =averageif(J35:J38,">0") -> #DIV/0! | K39: =averageif(K35:K38,">0") -> #DIV/0! | L39: =SUM(L35:L38) -> 120000 | M39: =SUM(M35:M38) -> 1 | O39: =SUM(O35:O38) -> 1 | P39: =SUM(P35:P38) -> 2 | Q39: =averageif(Q35:Q38,">0") -> #DIV/0! | S39: =averageif(S35:S38,">0") -> #DIV/0! | T39: =averageif(T35:T38,">0") -> #DIV/0!
A41: 10월 | B41: 담당자 | C41: 매체분석 | I41: DB효율 | L41: 매출분석
C42: 작성시점 | D42: 노출량 | E42: 클릭 | F42: 클릭당 단가 (원) CPC (광고집행비/클릭) | G42: 클릭률 CTR (클릭/노출량) | H42: 월간 집행 광고비 | I42: DB수량 | J42: DB전환률 (DB수량/클릭) | K42: DB단가 (광고비/DB수량) | L42: 수당 매출 | M42: DB 클로징 건수 | N42: 비고 (고객이름, 메모 등) | O42: 판매수량 (객실 수) | P42: 판매수량 (동반 총인원) | Q42: 클로징률 (클로징건수/DB수량) | R42: 순이익(원) | S42: ROAS (매출/광고비)*100 | T42: ROI (순이익/광고비)*100
A43: 10월 통계 | B43: 맥스 | D43: =D3+D11+D19+D27+D35 -> 25256 | E43: =E3+E11+E19+E27+E35 -> 1090 | F43: =iferror(H43/E43,"") -> 323.84679 | G43: =iferror(E43/D43,"") -> 0.043158061 | H43: =H3+H11+H19+H27+H35 -> 352993 | I43: =I3+I11+I19+I27+I35 -> 77 | J43: =iferror(I43/E43,"") -> 0.070642202 | K43: =iferror(H43/I43,"") -> 4584.3247 | L43: =L3+L11+L19+L27+L35 -> 420000 | M43: =M3+M11+M19+M27+M35 -> 4 | O43: =O3+O11+O19+O27+O35 -> 4 | P43: =P3+P13+P19+P27+P35 -> 5 | Q43: =iferror(M43/I43,"") -> 0.051948052 | R43: =iferror(L43-H43,"") -> 67007 | S43: =iferror(L43/H43,"") -> 1.1898253 | T43: =iferror(R43/H43,"") -> 0.18982529
B44: 해리 | D44: =D4+D12+D20+D28+D36 -> 2946 | E44: =E4+E12+E20+E28+E36 -> 182 | F44: =iferror(H44/E44,"") -> 268.10989 | G44: =iferror(E44/D44,"") -> 0.061778683 | H44: =H4+H12+H20+H28+H36 -> 48796 | I44: =I4+I12+I20+I28+I36 -> 75 | J44: =iferror(I44/E44,"") -> 0.41208791 | K44: =iferror(H44/I44,"") -> 650.61333 | L44: =L4+L12+L20+L28+L36 -> 520000 | M44: =M4+M12+M20+M28+M36 -> 2 | O44: =O4+O12+O20+O28+O36 -> 3 | P44: =P4+P12+P20+P28+P36 -> 6 | Q44: =iferror(M44/I44,"") -> 0.026666667 | R44: =iferror(L44-H44,"") -> 471204 | S44: =iferror(L44/H44,"") -> 10.656611 | T44: =iferror(R44/H44,"") -> 9.6566112
B45: 로즈 | D45: =D5+D13+D21+D29+D37 -> 28400 | E45: =E5+E13+E21+E29+E37 -> 1342 | F45: =iferror(H45/E45,"") -> 303.71759 | G45: =iferror(E45/D45,"") -> 0.047253521 | H45: =H5+H13+H21+H29+H37 -> 407589 | I45: =I5+I13+I21+I29+I37 -> 104 | J45: =iferror(I45/E45,"") -> 0.077496274 | K45: =iferror(H45/I45,"") -> 3919.125 | L45: =L5+L13+L21+L29+L37 -> 880000 | M45: =M5+M13+M21+M29+M37 -> 4 | O45: =O5+O13+O21+O29+O37 -> 5 | P45: =P5+P13+P21+P29+P37 -> 10 | Q45: =iferror(M45/I45,"") -> 0.038461538 | R45: =iferror(L45-H45,"") -> 472411 | S45: =iferror(L45/H45,"") -> 2.1590377 | T45: =iferror(R45/H45,"") -> 1.1590377
B46: 페르 | D46: =D6+D14+D22+D30+D38 -> 0 | E46: =E6+E14+E22+E30+E38 -> 0 | F46: =iferror(H46/E46,"") | G46: =iferror(E46/D46,"") | H46: =H6+H14+H22+H30+H38 -> 0 | I46: =I6+I14+I22+I30+I38 -> 0 | J46: =iferror(I46/E46,"") | K46: =iferror(H46/I46,"") | L46: =L6+L14+L22+L30+L38 -> 0 | M46: =M6+M14+M22+M30+M38 -> 0 | O46: =O6+O14+O22+O30+O38 -> 0 | P46: =P6+P14+P22+P30+P38 -> 0 | Q46: =iferror(M46/I46,"") | R46: =iferror(L46-H46,"") -> 0 | S46: =iferror(L46/H46,"") | T46: =iferror(R46/H46,"")
A47: 팀평균 | F47: =averageif(F43:F46,">0") -> 298.55809 | G47: =averageif(G43:G46,">0") -> 0.050730089 | I47: =SUM(I43:I46) -> 256 | J47: =averageif(J43:J46,">0") -> 0.18674213 | K47: =averageif(K43:K46,">0") -> 3051.3543 | L47: =SUM(L43:L46) -> 1820000 | M47: =SUM(M43:M46) -> 10 | O47: =SUM(O43:O46) -> 12 | P47: =SUM(P43:P46) -> 21 | Q47: =averageif(Q43:Q46,">0") -> 0.039025419 | S47: =averageif(S43:S46,">0") -> 4.6684914 | T47: =averageif(T43:T46,">0") -> 3.6684914
A49: 9~10월 | B49: 담당자 | C49: 매체분석 | I49: DB효율 | L49: 매출분석
C50: 작성시점 | D50: 노출량 | E50: 클릭 | F50: 클릭당 단가 (원) CPC (광고집행비/클릭) | G50: 클릭률 CTR (클릭/노출량) | H50: 월간 집행 광고비 | I50: DB수량 | J50: DB전환률 (DB수량/클릭) | K50: DB단가 (광고비/DB수량) | L50: 수당 매출 | M50: DB 클로징 건수 | N50: 비고 (고객이름, 메모 등) | O50: 판매수량 (객실 수) | P50: 판매수량 (동반 총인원) | Q50: 클로징률 (클로징건수/DB수량) | R50: 순이익(원) | S50: ROAS (매출/광고비)*100 | T50: ROI (순이익/광고비)*100
A51: 홍일 크루즈 판매 통계 | B51: 맥스 | D51: =D43+'9월'!D53 -> 34248 | E51: =E43+'9월'!E53 -> 1522 | F51: =iferror(H51/E51,"") -> 353.14389 | G51: =iferror(E51/D51,"") -> 0.044440551 | H51: =H43+'9월'!H53 -> 537485 | I51: =I43+'9월'!I53 -> 119 | J51: =iferror(I51/E51,"") -> 0.078186597 | K51: =iferror(H51/I51,"") -> 4516.6807 | L51: =L43+'9월'!L53 -> 740000 | M51: =M43+'9월'!M53 -> 6 | O51: =O43+'9월'!O53 -> 6 | P51: =P43+'9월'!P53 -> 9 | Q51: =iferror(M51/I51,"") -> 0.050420168 | R51: =iferror(L51-H51,"") -> 202515 | S51: =iferror(L51/H51,"") -> 1.3767826 | T51: =iferror(R51/H51,"") -> 0.37678261
B52: 해리 | D52: =D44+'9월'!D54 -> 30945 | E52: =E44+'9월'!E54 -> 1363 | F52: =iferror(H52/E52,"") -> 381.25312 | G52: =iferror(E52/D52,"") -> 0.044045888 | H52: =H44+'9월'!H54 -> 519648 | I52: =I44+'9월'!I54 -> 231 | J52: =iferror(I52/E52,"") -> 0.16947909 | K52: =iferror(H52/I52,"") -> 2249.5584 | L52: =L44+'9월'!L54 -> 2200000 | M52: =M44+'9월'!M54 -> 11 | O52: =O44+'9월'!O54 -> 16 | P52: =P44+'9월'!P54 -> 32 | Q52: =iferror(M52/I52,"") -> 0.047619048 | R52: =iferror(L52-H52,"") -> 1680352 | S52: =iferror(L52/H52,"") -> 4.2336351 | T52: =iferror(R52/H52,"") -> 3.2336351
B53: 로즈 | D53: =D45+'9월'!D55 -> 78644 | E53: =E45+'9월'!E55 -> 4665 | F53: =iferror(H53/E53,"") -> 256.612 | G53: =iferror(E53/D53,"") -> 0.059317939 | H53: =H45+'9월'!H55 -> 1197095 | I53: =I45+'9월'!I55 -> 415 | J53: =iferror(I53/E53,"") -> 0.088960343 | K53: =iferror(H53/I53,"") -> 2884.5663 | L53: =L45+'9월'!L55 -> 2200000 | M53: =M45+'9월'!M55 -> 16 | O53: =O45+'9월'!O55 -> 16 | P53: =P45+'9월'!P55 -> 32 | Q53: =iferror(M53/I53,"") -> 0.038554217 | R53: =iferror(L53-H53,"") -> 1002905 | S53: =iferror(L53/H53,"") -> 1.8377823 | T53: =iferror(R53/H53,"") -> 0.8377823
B54: 페르 | D54: =D46+'9월'!D57 -> 30261 | E54: =E46+'9월'!E57 -> 1471 | F54: =iferror(H54/E54,"") -> 326.59551 | G54: =iferror(E54/D54,"") -> 0.048610423 | H54: =H46+'9월'!H57 -> 480422 | I54: =I46+'9월'!I57 -> 115 | J54: =iferror(I54/E54,"") -> 0.07817811 | K54: =iferror(H54/I54,"") -> 4177.5826 | L54: =L46+'9월'!L57 -> 120000 | M54: =M46+'9월'!M57 -> 1 | O54: =O46+'9월'!O57 -> 1 | P54: =P46+'9월'!P57 -> 2 | Q54: =iferror(M54/I54,"") -> 0.0086956522 | R54: =iferror(L54-H54,"") -> -360422 | S54: =iferror(L54/H54,"") -> 0.2497804 | T54: =iferror(R54/H54,"") -> -0.7502196
A55: 팀평균 | F55: =averageif(F51:F54,">0") -> 329.40113 | G55: =averageif(G51:G54,">0") -> 0.0491037 | I55: =SUM(I51:I54) -> 880 | J55: =averageif(J51:J54,">0") -> 0.10370103 | K55: =averageif(K51:K54,">0") -> 3457.097 | L55: =SUM(L51:L54) -> 5260000 | M55: =SUM(M51:M54) -> 34 | O55: =SUM(O51:O54) -> 39 | P55: =SUM(P51:P54) -> 75 | Q55: =averageif(Q51:Q54,">0") -> 0.036322271 | S55: =averageif(S51:S54,">0") -> 1.9244951 | T55: =averageif(T51:T54,">0") -> 1.4827333
A57: 7~10월 | B57: 담당자 | C57: 매체분석 | I57: DB효율 | L57: 매출분석
C58: 작성시점 | D58: 노출량 | E58: 클릭 | F58: 클릭당 단가 (원) CPC (광고집행비/클릭) | G58: 클릭률 CTR (클릭/노출량) | H58: 누적 광고 집행비 | I58: DB수량 | J58: DB전환률 (DB수량/클릭) | K58: DB단가 (광고비/DB수량) | L58: 수당 매출 | M58: DB 클로징 건수 | N58: 비고 (고객이름, 메모 등) | O58: 판매수량 (객실 수) | P58: 판매수량 (동반 총인원) | Q58: 클로징률 (클로징건수/DB수량) | R58: 순이익(원) | S58: ROAS (매출/광고비)*100 | T58: ROI (순이익/광고비)*100
A59: 총 누적 통계 | B59: 맥스 | D59: ='9월'!D63+D43 -> 291248 | E59: ='9월'!E63+E43 -> 15385 | F59: =iferror(H59/E59,"") -> 189.83406 | G59: =iferror(E59/D59,"") -> 0.052824397 | H59: ='9월'!H63+H43 -> 2920597 | I59: ='9월'!I63+I43 -> 342 | J59: =iferror(I59/E59,"") -> 0.022229444 | K59: =iferror(H59/I59,"") -> 8539.7573 | L59: ='9월'!L63+L43 -> 4250000 | M59: ='9월'!M63+M43 -> 14 | O59: ='9월'!O63+O43 -> 8 | P59: ='9월'!P63+P43 -> 58 | Q59: =iferror(M59/I59,"") -> 0.040935673 | R59: =iferror(L59-H59,"") -> 1329403 | S59: =iferror(L59/H59,"") -> 1.4551819 | T59: =iferror(R59/H59,"") -> 0.45518194
B60: 해리 | D60: ='9월'!D64+D44 -> 164565 | E60: ='9월'!E64+E44 -> 8968 | F60: =iferror(H60/E60,"") -> 285.48539 | G60: =iferror(E60/D60,"") -> 0.054495184 | H60: ='9월'!H64+H44 -> 2560233 | I60: ='9월'!I64+I44 -> 615 | J60: =iferror(I60/E60,"") -> 0.068577163 | K60: =iferror(H60/I60,"") -> 4162.9805 | L60: ='9월'!L64+L44 -> 3700000 | M60: ='9월'!M64+M44 -> 21 | O60: ='9월'!O64+O44 -> 29 | P60: ='9월'!P64+P44 -> 62 | Q60: =iferror(M60/I60,"") -> 0.034146341 | R60: =iferror(L60-H60,"") -> 1139767 | S60: =iferror(L60/H60,"") -> 1.445181 | T60: =iferror(R60/H60,"") -> 0.44518097
B61: 로즈 | D61: ='9월'!D65+D45 -> 298520 | E61: ='9월'!E65+E45 -> 14902 | F61: =iferror(H61/E61,"") -> 184.01007 | G61: =iferror(E61/D61,"") -> 0.049919603 | H61: ='9월'!H65+H45 -> 2742118 | I61: ='9월'!I65+I45 -> 641 | J61: =iferror(I61/E61,"") -> 0.04301436 | K61: =iferror(H61/I61,"") -> 4277.8752 | L61: ='9월'!L65+L45 -> 3940000 | M61: ='9월'!M65+M45 -> 25 | O61: ='9월'!O65+O45 -> 26.5 | P61: ='9월'!P65+P45 -> 59 | Q61: =iferror(M61/I61,"") -> 0.03900156 | R61: =iferror(L61-H61,"") -> 1197882 | S61: =iferror(L61/H61,"") -> 1.4368455 | T61: =iferror(R61/H61,"") -> 0.43684553
B62: 페르 | D62: ='9월'!D67+D46 -> 234317 | E62: ='9월'!E67+E46 -> 11781 | F62: =iferror(H62/E62,"") -> 229.23334 | G62: =iferror(E62/D62,"") -> 0.050278042 | H62: ='9월'!H67+H46 -> 2700598 | I62: ='9월'!I67+I46 -> 428 | J62: =iferror(I62/E62,"") -> 0.036329683 | K62: =iferror(H62/I62,"") -> 6309.8084 | L62: ='9월'!L67+L46 -> 1470000 | M62: ='9월'!M67+M46 -> 8 | O62: ='9월'!O67+O46 -> 2 | P62: ='9월'!P67+P46 -> 23 | Q62: =iferror(M62/I62,"") -> 0.018691589 | R62: =iferror(L62-H62,"") -> -1230598 | S62: =iferror(L62/H62,"") -> 0.54432389 | T62: =iferror(R62/H62,"") -> -0.45567611
A63: 팀평균 | F63: =averageif(F59:F62,">0") -> 222.14071 | G63: =averageif(G59:G62,">0") -> 0.051879307 | I63: =SUM(I59:I62) -> 2026 | J63: =averageif(J59:J62,">0") -> 0.042537663 | K63: =averageif(K59:K62,">0") -> 5822.6054 | L63: =SUM(L59:L62) -> 13360000 | M63: =SUM(M59:M62) -> 68 | O63: =SUM(O59:O62) -> 65.5 | P63: =SUM(P59:P62) -> 202 | Q63: =averageif(Q59:Q62,">0") -> 0.033193791 | S63: =averageif(S59:S62,">0") -> 1.2203831 | T63: =averageif(T59:T62,">0") -> 0.44573615

Sheet 9월
A1: 8월 | B1: 담당자 | C1: 매체분석 | I1: DB효율 | L1: 매출분석
C2: 작성시점 | D2: 노출량 | E2: 클릭 | F2: 클릭당 단가 (원) CPC (광고집행비/클릭) | G2: 클릭률 CTR (클릭/노출량) | H2: 주간 집행 광고비 | I2: DB수량 | J2: DB전환률 (DB수량/클릭) | K2: DB단가 (광고비/DB수량) | L2: 수당 매출 | M2: DB 클로징 건수 | N2: 비고 (고객이름, 메모 등) | O2: 판매수량 (객실 수) | P2: 판매수량 (동반 총인원) | Q2: 클로징률 (클로징건수/DB수량) | R2: 순이익(원) | S2: ROAS (매출/광고비)*100 | T2: ROI (순이익/광고비)*100
A3: 8월 4주 8/24~8/30 (토~금) | B3: 맥스 | F3: =iferror(H3/E3,"") | G3: =iferror(E3/D3,"") | J3: =iferror(I3/E3,"") | K3: =iferror(H3/I3,"") | Q3: =iferror(M3/I3,"") | R3: =iferror(L3-H3,"") -> 0 | S3: =iferror(L3/H3,"") | T3: =iferror(R3/H3,"")
B4: 해리 | F4: =iferror(H4/E4,"") | G4: =iferror(E4/D4,"") | J4: =iferror(I4/E4,"") | K4: =iferror(H4/I4,"") | Q4: =iferror(M4/I4,"") | R4: =iferror(L4-H4,"") -> 0 | S4: =iferror(L4/H4,"") | T4: =iferror(R4/H4,"")
B5: 로즈 | C5: 8/30까지 | D5: 5735 | E5: 453 | F5: =iferror(H5/E5,"") -> 216.66225 | G5: =iferror(E5/D5,"") -> 0.078988666 | H5: 98148 | I5: 33 | J5: =iferror(I5/E5,"") -> 0.072847682 | K5: =iferror(H5/I5,"") -> 2974.1818 | L5: 60000 | M5: 1 | N5: 남윤일(쪼인) | O5: 0.5 | P5: 1 | Q5: =iferror(M5/I5,"") -> 0.03030303 | R5: =iferror(L5-H5,"") -> -38148 | S5: =iferror(L5/H5,"") -> 0.61132168 | T5: =iferror(R5/H5,"") -> -0.38867832
B6: 오드리 | F6: =iferror(H6/E6,"") | G6: =iferror(E6/D6,"") | J6: =iferror(I6/E6,"") | K6: =iferror(H6/I6,"") | Q6: =iferror(M6/I6,"") | R6: =iferror(L6-H6,"") -> 0 | S6: =iferror(L6/H6,"") | T6: =iferror(R6/H6,"")
B7: 페르 | F7: =iferror(H7/E7,"") | G7: =iferror(E7/D7,"") | J7: =iferror(I7/E7,"") | K7: =iferror(H7/I7,"") | Q7: =iferror(M7/I7,"") | R7: =iferror(L7-H7,"") -> 0 | S7: =iferror(L7/H7,"") | T7: =iferror(R7/H7,"") | U7: 08/23 상품판매 종료 N·D
B8: 데이빗 | F8: =iferror(H8/E8,"") | G8: =iferror(E8/D8,"") | J8: =iferror(I8/E8,"") | K8: =iferror(H8/I8,"") | Q8: =iferror(M8/I8,"") | R8: =iferror(L8-H8,"") -> 0 | S8: =iferror(L8/H8,"") | T8: =iferror(R8/H8,"")
A9: 팀평균 | F9: =averageif(F3:F8,">0") -> 216.66225 | G9: =averageif(G3:G8,">0") -> 0.078988666 | I9: =SUM(I3:I8) -> 33 | J9: =averageif(J3:J8,">0") -> 0.072847682 | K9: =averageif(K3:K8,">0") -> 2974.1818 | L9: =SUM(L3:L8) -> 60000 | M9: =SUM(M3:M8) -> 1 | O9: =SUM(O3:O8) -> 0.5 | P9: =SUM(P3:P8) -> 1 | Q9: =averageif(Q3:Q8,">0") -> 0.03030303 | S9: =averageif(S3:S8,">0") -> 0.61132168 | T9: =averageif(T3:T8,">0") -> #DIV/0!
A11: 9월 | B11: 담당자 | C11: 매체분석 | I11: DB효율 | L11: 매출분석
C12: 작성시점 | D12: 노출량 | E12: 클릭 | F12: 클릭당 단가 (원) CPC (광고집행비/클릭) | G12: 클릭률 CTR (클릭/노출량) | H12: 주간 집행 광고비 | I12: DB수량 | J12: DB전환률 (DB수량/클릭) | K12: DB단가 (광고비/DB수량) | L12: 수당 매출 | M12: DB 클로징 건수 | N12: 비고 (고객이름, 메모 등) | O12: 판매수량 (객실 수) | P12: 판매수량 (동반 총인원) | Q12: 클로징률 (클로징건수/DB수량) | R12: 순이익(원) | S12: ROAS (매출/광고비)*100 | T12: ROI (순이익/광고비)*100
A13: 9월 1주 8/31~9/6 (토~금) | B13: 맥스 | C13: 45541 | D13: 1194 | E13: 71 | F13: 509 | G13: =iferror(E13/D13,"") -> 0.059463987 | H13: 36111 | I13: 6 | J13: =iferror(I13/E13,"") -> 0.084507042 | K13: =iferror(H13/I13,"") -> 6018.5 | Q13: =iferror(M13/I13,"") -> 0 | R13: =iferror(L13-H13,"") -> -36111 | S13: =iferror(L13/H13,"") -> 0 | T13: =iferror(R13/H13,"") -> -1
B14: 해리 | C14: 8/29 ~9/8 | D14: 16895 | E14: 752 | F14: =iferror(H14/E14,"") -> 416.28856 | G14: =iferror(E14/D14,"") -> 0.04451021 | H14: 313049 | I14: 100 | J14: =iferror(I14/E14,"") -> 0.13297872 | K14: =iferror(H14/I14,"") -> 3130.49 | Q14: =iferror(M14/I14,"") -> 0 | R14: =iferror(L14-H14,"") -> -313049 | S14: =iferror(L14/H14,"") -> 0 | T14: =iferror(R14/H14,"") -> -1
B15: 로즈 | C15: 9/6까지 | D15: 14576 | E15: 1106 | F15: =iferror(H15/E15,"") -> 229.68626 | G15: =iferror(E15/D15,"") -> 0.075878156 | H15: 254033 | I15: 109 | J15: =iferror(I15/E15,"") -> 0.098553345 | K15: =iferror(H15/I15,"") -> 2330.578 | L15: 540000 | M15: 5 | N15: 김베드로(쪼인), 정기정, 지현호, 정대한, 조보용 | O15: 4.5 | P15: 9 | Q15: =iferror(M15/I15,"") -> 0.04587156 | R15: =iferror(L15-H15,"") -> 285967 | S15: =iferror(L15/H15,"") -> 2.1257081 | T15: =iferror(R15/H15,"") -> 1.1257081
B16: 오드리 | F16: =iferror(H16/E16,"") | G16: =iferror(E16/D16,"") | J16: =iferror(I16/E16,"") | K16: =iferror(H16/I16,"") | Q16: =iferror(M16/I16,"") | R16: =iferror(L16-H16,"") -> 0 | S16: =iferror(L16/H16,"") | T16: =iferror(R16/H16,"")
B17: 페르 | C17: 09/01 ~09/06 | D17: 4109 | E17: 181 | F17: =iferror(H17/E17,"") -> 498.83425 | G17: =iferror(E17/D17,"") -> 0.044049647 | H17: 90289 | I17: 20 | J17: =iferror(I17/E17,"") -> 0.11049724 | K17: =iferror(H17/I17,"") -> 4514.45 | Q17: =iferror(M17/I17,"") -> 0 | R17: =iferror(L17-H17,"") -> -90289 | S17: =iferror(L17/H17,"") -> 0 | T17: =iferror(R17/H17,"") -> -1 | U17: ※ 24.09.01 Start
B18: 데이빗 | F18: =iferror(H18/E18,"") | G18: =iferror(E18/D18,"") | J18: =iferror(I18/E18,"") | K18: =iferror(H18/I18,"") | Q18: =iferror(M18/I18,"") | R18: =iferror(L18-H18,"") -> 0 | S18: =iferror(L18/H18,"") | T18: =iferror(R18/H18,"")
A19: 팀평균 | F19: =averageif(F13:F18,">0") -> 413.45227 | G19: =averageif(G13:G18,">0") -> 0.0559755 | I19: =SUM(I13:I18) -> 235 | J19: =averageif(J13:J18,">0") -> 0.10663409 | K19: =averageif(K13:K18,">0") -> 3998.5045 | L19: =SUM(L13:L18) -> 540000 | M19: =SUM(M13:M18) -> 5 | O19: =SUM(O13:O18) -> 4.5 | P19: =SUM(P13:P18) -> 9 | Q19: =averageif(Q13:Q18,">0") -> 0.04587156 | S19: =averageif(S13:S18,">0") -> 2.1257081 | T19: =averageif(T13:T18,">0") -> 1.1257081
A21: 9월 | B21: 담당자 | C21: 매체분석 | I21: DB효율 | L21: 매출분석
C22: 작성시점 | D22: 노출량 | E22: 클릭 | F22: 클릭당 단가 (원) CPC (광고집행비/클릭) | G22: 클릭률 CTR (클릭/노출량) | H22: 주간 집행 광고비 | I22: DB수량 | J22: DB전환률 (DB수량/클릭) | K22: DB단가 (광고비/DB수량) | L22: 수당 매출 | M22: DB 클로징 건수 | N22: 비고 (고객이름, 메모 등) | O22: 판매수량 (객실 수) | P22: 판매수량 (동반 총인원) | Q22: 클로징률 (클로징건수/DB수량) | R22: 순이익(원) | S22: ROAS (매출/광고비)*100 | T22: ROI (순이익/광고비)*100
A23: 9월 2주 9/7~9/13 (토~금) | B23: 맥스 | C23: 45544.951 | D23: 3535 | E23: 150 | F23: 519 | G23: =iferror(E23/D23,"") -> 0.042432815 | H23: 77843 | I23: 18 | J23: =iferror(I23/E23,"") -> 0.12 | K23: =iferror(H23/I23,"") -> 4324.6111 | Q23: =iferror(M23/I23,"") -> 0 | R23: =iferror(L23-H23,"") -> -77843 | S23: =iferror(L23/H23,"") -> 0 | T23: =iferror(R23/H23,"") -> -1
B24: 해리 | C24: 9/9~ 9/14 | D24: 11104 | E24: 429 | F24: =iferror(H24/E24,"") -> 367.83916 | G24: =iferror(E24/D24,"") -> 0.038634726 | H24: 157803 | I24: 29 | J24: =iferror(I24/E24,"") -> 0.067599068 | K24: =iferror(H24/I24,"") -> 5441.4828 | L24: 300000 | M24: 2 | N24: 한태연, 남궁지혜 | O24: 2 | P24: 4 | Q24: =iferror(M24/I24,"") -> 0.068965517 | R24: =iferror(L24-H24,"") -> 142197 | S24: =iferror(L24/H24,"") -> 1.9011045 | T24: =iferror(R24/H24,"") -> 0.90110454
B25: 로즈 | C25: 9/13까지 | D25: 11581 | E25: 692 | F25: =iferror(H25/E25,"") -> 309.05491 | G25: =iferror(E25/D25,"") -> 0.059753044 | H25: 213866 | I25: 69 | J25: =iferror(I25/E25,"") -> 0.099710983 | K25: =iferror(H25/I25,"") -> 3099.5072 | L25: 360000 | M25: 3 | N25: 하해리, 김석관, 양지은(이경호) | O25: 3 | P25: 6 | Q25: =iferror(M25/I25,"") -> 0.043478261 | R25: =iferror(L25-H25,"") -> 146134 | S25: =iferror(L25/H25,"") -> 1.683297 | T25: =iferror(R25/H25,"") -> 0.68329702
B26: 오드리 | F26: =iferror(H26/E26,"") | G26: =iferror(E26/D26,"") | J26: =iferror(I26/E26,"") | K26: =iferror(H26/I26,"") | Q26: =iferror(M26/I26,"") | R26: =iferror(L26-H26,"") -> 0 | S26: =iferror(L26/H26,"") | T26: =iferror(R26/H26,"")
B27: 페르 | C27: 09/07 ~09/13 | D27: 10109 | E27: 431 | F27: =iferror(H27/E27,"") -> 426.58005 | G27: =iferror(E27/D27,"") -> 0.042635275 | H27: 183856 | I27: 32 | J27: =iferror(I27/E27,"") -> 0.07424594 | K27: =iferror(H27/I27,"") -> 5745.5 | L27: 120000 | M27: 1 | N27: 박수연 | O27: 1 | P27: 2 | Q27: =iferror(M27/I27,"") -> 0.03125 | R27: =iferror(L27-H27,"") -> -63856 | S27: =iferror(L27/H27,"") -> 0.65268471 | T27: =iferror(R27/H27,"") -> -0.34731529
B28: 데이빗 | F28: =iferror(H28/E28,"") | G28: =iferror(E28/D28,"") | J28: =iferror(I28/E28,"") | K28: =iferror(H28/I28,"") | Q28: =iferror(M28/I28,"") | R28: =iferror(L28-H28,"") -> 0 | S28: =iferror(L28/H28,"") | T28: =iferror(R28/H28,"")
A29: 팀평균 | F29: =averageif(F23:F28,">0") -> 405.61853 | G29: =averageif(G23:G28,">0") -> 0.045863965 | I29: =SUM(I23:I28) -> 148 | J29: =averageif(J23:J28,">0") -> 0.090388997 | K29: =averageif(K23:K28,">0") -> 4652.7753 | L29: =SUM(L23:L28) -> 780000 | M29: =SUM(M23:M28) -> 6 | O29: =SUM(O23:O28) -> 6 | P29: =SUM(P23:P28) -> 12 | Q29: =averageif(Q23:Q28,">0") -> 0.047897926 | S29: =averageif(S23:S28,">0") -> 1.4123621 | T29: =averageif(T23:T28,">0") -> 0.79220078
A31: 9월 | B31: 담당자 | C31: 매체분석 | I31: DB효율 | L31: 매출분석
C32: 작성시점 | D32: 노출량 | E32: 클릭 | F32: 클릭당 단가 (원) CPC (광고집행비/클릭) | G32: 클릭률 CTR (클릭/노출량) | H32: 주간 집행 광고비 | I32: DB수량 | J32: DB전환률 (DB수량/클릭) | K32: DB단가 (광고비/DB수량) | L32: 수당 매출 | M32: DB 클로징 건수 | N32: 비고 (고객이름, 메모 등) | O32: 판매수량 (객실 수) | P32: 판매수량 (동반 총인원) | Q32: 클로징률 (클로징건수/DB수량) | R32: 순이익(원) | S32: ROAS (매출/광고비)*100 | T32: ROI (순이익/광고비)*100
A33: 9월 3주 9/14~9/20 (토~금) | B33: 맥스 | C33: 45551 | D33: 4263 | E33: 211 | F33: 334 | G33: =iferror(E33/D33,"") -> 0.04949566 | H33: 70538 | I33: 18 | J33: =iferror(I33/E33,"") -> 0.085308057 | K33: =iferror(H33/I33,"") -> 3918.7778 | L33: 320000 | M33: 2 | N33: 최재선,박태희 | O33: 2 | P33: 4 | Q33: =iferror(M33/I33,"") -> 0.11111111 | R33: =iferror(L33-H33,"") -> 249462 | S33: =iferror(L33/H33,"") -> 4.5365619 | T33: =iferror(R33/H33,"") -> 3.5365619
B34: 해리 | C34: 45556 | D34: 0 | E34: 0 | F34: =iferror(H34/E34,"") | G34: =iferror(E34/D34,"") | H34: 0 | I34: 10 | J34: =iferror(I34/E34,"") | K34: =iferror(H34/I34,"") -> 0 | L34: 720000 | M34: 2 | N34: 임진, 류상택 | O34: 6 | P34: 12 | Q34: =iferror(M34/I34,"") -> 0.2 | R34: =iferror(L34-H34,"") -> 720000 | S34: =iferror(L34/H34,"") | T34: =iferror(R34/H34,"")
B35: 로즈 | C35: 9/20까지 | D35: 9388 | E35: 506 | F35: =iferror(H35/E35,"") -> 214.52767 | G35: =iferror(E35/D35,"") -> 0.053898594 | H35: 108551 | I35: 50 | J35: =iferror(I35/E35,"") -> 0.098814229 | K35: =iferror(H35/I35,"") -> 2171.02 | L35: 240000 | M35: 2 | N35: 서유리, 김주희 | O35: 2 | P35: 4 | Q35: =iferror(M35/I35,"") -> 0.04 | R35: =iferror(L35-H35,"") -> 131449 | S35: =iferror(L35/H35,"") -> 2.2109423 | T35: =iferror(R35/H35,"") -> 1.2109423
B36: 오드리 | F36: =iferror(H36/E36,"") | G36: =iferror(E36/D36,"") | J36: =iferror(I36/E36,"") | K36: =iferror(H36/I36,"") | Q36: =iferror(M36/I36,"") | R36: =iferror(L36-H36,"") -> 0 | S36: =iferror(L36/H36,"") | T36: =iferror(R36/H36,"")
B37: 페르 | C37: 09/14 ~09/20 | D37: 16043 | E37: 859 | F37: =iferror(H37/E37,"") -> 240.1362 | G37: =iferror(E37/D37,"") -> 0.053543602 | H37: 206277 | I37: 63 | J37: =iferror(I37/E37,"") -> 0.073341094 | K37: =iferror(H37/I37,"") -> 3274.2381 | Q37: =iferror(M37/I37,"") -> 0 | R37: =iferror(L37-H37,"") -> -206277 | S37: =iferror(L37/H37,"") -> 0 | T37: =iferror(R37/H37,"") -> -1
B38: 데이빗 | F38: =iferror(H38/E38,"") | G38: =iferror(E38/D38,"") | J38: =iferror(I38/E38,"") | K38: =iferror(H38/I38,"") | Q38: =iferror(M38/I38,"") | R38: =iferror(L38-H38,"") -> 0 | S38: =iferror(L38/H38,"") | T38: =iferror(R38/H38,"")
A39: 팀평균 | F39: =averageif(F33:F38,">0") -> 262.88796 | G39: =averageif(G33:G38,">0") -> 0.052312619 | I39: =SUM(I33:I38) -> 141 | J39: =averageif(J33:J38,">0") -> 0.085821127 | K39: =averageif(K33:K38,">0") -> 3121.3453 | L39: =SUM(L33:L38) -> 1280000 | M39: =SUM(M33:M38) -> 6 | O39: =SUM(O33:O38) -> 10 | P39: =SUM(P33:P38) -> 20 | Q39: =averageif(Q33:Q38,">0") -> 0.11703704 | S39: =averageif(S33:S38,">0") -> 3.3737521 | T39: =averageif(T33:T38,">0") -> 2.3737521
A41: 9월 | B41: 담당자 | C41: 매체분석 | I41: DB효율 | L41: 매출분석
C42: 작성시점 | D42: 노출량 | E42: 클릭 | F42: 클릭당 단가 (원) CPC (광고집행비/클릭) | G42: 클릭률 CTR (클릭/노출량) | H42: 주간 집행 광고비 | I42: DB수량 | J42: DB전환률 (DB수량/클릭) | K42: DB단가 (광고비/DB수량) | L42: 수당 매출 | M42: DB 클로징 건수 | N42: 비고 (고객이름, 메모 등) | O42: 판매수량 (객실 수) | P42: 판매수량 (동반 총인원) | Q42: 클로징률 (클로징건수/DB수량) | R42: 순이익(원) | S42: ROAS (매출/광고비)*100 | T42: ROI (순이익/광고비)*100
A43: 9월 4주 9/21~9/28 (토~금) | B43: 맥스 | F43: =iferror(H43/E43,"") | G43: =iferror(E43/D43,"") | J43: =iferror(I43/E43,"") | K43: =iferror(H43/I43,"") | Q43: =iferror(M43/I43,"") | R43: =iferror(L43-H43,"") -> 0 | S43: =iferror(L43/H43,"") | T43: =iferror(R43/H43,"")
B44: 해리 | C44: 45563 | D44: 0 | E44: 0 | F44: =iferror(H44/E44,"") | G44: =iferror(E44/D44,"") | H44: 0 | I44: 17 | J44: =iferror(I44/E44,"") | K44: =iferror(H44/I44,"") -> 0 | L44: 660000 | M44: 5 | N44: 박진호, 이상현, 심성우, 박정하, 박정하님 지인 | O44: 5 | P44: 10 | Q44: =iferror(M44/I44,"") -> 0.29411765 | R44: =iferror(L44-H44,"") -> 660000 | S44: =iferror(L44/H44,"") | T44: =iferror(R44/H44,"")
B45: 로즈 | C45: 45561.667 | D45: 8964 | E45: 566 | F45: =iferror(H45/E45,"") -> 203.01767 | G45: =iferror(E45/D45,"") -> 0.063141455 | H45: 114908 | I45: 50 | J45: =iferror(I45/E45,"") -> 0.088339223 | K45: =iferror(H45/I45,"") -> 2298.16 | L45: 120000 | M45: 1 | N45: 김홍민 | O45: 1 | P45: 2 | Q45: =iferror(M45/I45,"") -> 0.02 | R45: =iferror(L45-H45,"") -> 5092 | S45: =iferror(L45/H45,"") -> 1.0443137 | T45: =iferror(R45/H45,"") -> 0.044313712
B46: 오드리 | F46: =iferror(H46/E46,"") | G46: =iferror(E46/D46,"") | J46: =iferror(I46/E46,"") | K46: =iferror(H46/I46,"") | Q46: =iferror(M46/I46,"") | R46: =iferror(L46-H46,"") -> 0 | S46: =iferror(L46/H46,"") | T46: =iferror(R46/H46,"")
B47: 페르 | F47: =iferror(H47/E47,"") | G47: =iferror(E47/D47,"") | J47: =iferror(I47/E47,"") | K47: =iferror(H47/I47,"") | Q47: =iferror(M47/I47,"") | R47: =iferror(L47-H47,"") -> 0 | S47: =iferror(L47/H47,"") | T47: =iferror(R47/H47,"")
B48: 데이빗 | F48: =iferror(H48/E48,"") | G48: =iferror(E48/D48,"") | J48: =iferror(I48/E48,"") | K48: =iferror(H48/I48,"") | Q48: =iferror(M48/I48,"") | R48: =iferror(L48-H48,"") -> 0 | S48: =iferror(L48/H48,"") | T48: =iferror(R48/H48,"")
A49: 팀평균 | F49: =averageif(F43:F48,">0") -> 203.01767 | G49: =averageif(G43:G48,">0") -> 0.063141455 | I49: =SUM(I43:I48) -> 67 | J49: =averageif(J43:J48,">0") -> 0.088339223 | K49: =averageif(K43:K48,">0") -> 2298.16 | L49: =SUM(L43:L48) -> 780000 | M49: =SUM(M43:M48) -> 6 | O49: =SUM(O43:O48) -> 6 | P49: =SUM(P43:P48) -> 12 | Q49: =averageif(Q43:Q48,">0") -> 0.15705882 | S49: =averageif(S43:S48,">0") -> 1.0443137 | T49: =averageif(T43:T48,">0") -> 0.044313712
A51: 9월 | B51: 담당자 | C51: 매체분석 | I51: DB효율 | L51: 매출분석
C52: 작성시점 | D52: 노출량 | E52: 클릭 | F52: 클릭당 단가 (원) CPC (광고집행비/클릭) | G52: 클릭률 CTR (클릭/노출량) | H52: 월간 집행 광고비 | I52: DB수량 | J52: DB전환률 (DB수량/클릭) | K52: DB단가 (광고비/DB수량) | L52: 수당 매출 | M52: DB 클로징 건수 | N52: 비고 (고객이름, 메모 등) | O52: 판매수량 (객실 수) | P52: 판매수량 (동반 총인원) | Q52: 클로징률 (클로징건수/DB수량) | R52: 순이익(원) | S52: ROAS (매출/광고비)*100 | T52: ROI (순이익/광고비)*100
A53: 9월 통계 | B53: 맥스 | D53: =SUM(D3,D13,D23,D33,D43) -> 8992 | E53: =SUM(E3,E13,E23,E33,E43) -> 432 | F53: =iferror(H53/E53,"") -> 427.06481 | G53: =iferror(E53/D53,"") -> 0.048042705 | H53: =SUM(H3,H13,H23,H33,H43) -> 184492 | I53: =SUM(I3,I13,I23,I33,I43) -> 42 | J53: =iferror(I53/E53,"") -> 0.097222222 | K53: =iferror(H53/I53,"") -> 4392.6667 | L53: =SUM(L3,L13,L23,L33,L43) -> 320000 | M53: =SUM(M3,M13,M23,M33,M43) -> 2 | O53: =SUM(O3,O13,O23,O33,O43) -> 2 | P53: =SUM(P3,P13,P23,P33,P43) -> 4 | Q53: =iferror(M53/I53,"") -> 0.047619048 | R53: =iferror(L53-H53,"") -> 135508 | S53: =iferror(L53/H53,"") -> 1.7344926 | T53: =iferror(R53/H53,"") -> 0.73449255
B54: 해리 | D54: =SUM(D4,D14,D24,D34,D44) -> 27999 | E54: =SUM(E4,E14,E24,E34,E44) -> 1181 | F54: =iferror(H54/E54,"") -> 398.68925 | G54: =iferror(E54/D54,"") -> 0.042180078 | H54: =SUM(H4,H14,H24,H34,H44) -> 470852 | I54: =SUM(I4,I14,I24,I34,I44) -> 156 | J54: =iferror(I54/E54,"") -> 0.13209145 | K54: =iferror(H54/I54,"") -> 3018.2821 | L54: =SUM(L4,L14,L24,L34,L44) -> 1680000 | M54: =SUM(M4,M14,M24,M34,M44) -> 9 | O54: =SUM(O4,O14,O24,O34,O44) -> 13 | P54: =SUM(P4,P14,P24,P34,P44) -> 26 | Q54: =iferror(M54/I54,"") -> 0.057692308 | R54: =iferror(L54-H54,"") -> 1209148 | S54: =iferror(L54/H54,"") -> 3.5680001 | T54: =iferror(R54/H54,"") -> 2.5680001
B55: 로즈 | D55: =SUM(D5,D15,D25,D35,D45) -> 50244 | E55: =SUM(E5,E15,E25,E35,E45) -> 3323 | F55: =iferror(H55/E55,"") -> 237.58832 | G55: =iferror(E55/D55,"") -> 0.06613725 | H55: =SUM(H5,H15,H25,H35,H45) -> 789506 | I55: =SUM(I5,I15,I25,I35,I45) -> 311 | J55: =iferror(I55/E55,"") -> 0.093590129 | K55: =iferror(H55/I55,"") -> 2538.6045 | L55: =SUM(L5,L15,L25,L35,L45) -> 1320000 | M55: =SUM(M5,M15,M25,M35,M45) -> 12 | O55: =SUM(O5,O15,O25,O35,O45) -> 11 | P55: =SUM(P5,P15,P25,P35,P45) -> 22 | Q55: =iferror(M55/I55,"") -> 0.038585209 | R55: =iferror(L55-H55,"") -> 530494 | S55: =iferror(L55/H55,"") -> 1.6719316 | T55: =iferror(R55/H55,"") -> 0.67193156
B56: 오드리 | D56: =SUM(D6,D16,D26,D36,D46) -> 0 | E56: =SUM(E6,E16,E26,E36,E46) -> 0 | F56: =iferror(H56/E56,"") | G56: =iferror(E56/D56,"") | H56: =SUM(H6,H16,H26,H36,H46) -> 0 | I56: =SUM(I6,I16,I26,I36,I46) -> 0 | J56: =iferror(I56/E56,"") | K56: =iferror(H56/I56,"") | L56: =SUM(L6,L16,L26,L36,L46) -> 0 | M56: =SUM(M6,M16,M26,M36,M46) -> 0 | O56: =SUM(O6,O16,O26,O36,O46) -> 0 | P56: =SUM(P6,P16,P26,P36,P46) -> 0 | Q56: =iferror(M56/I56,"") | R56: =iferror(L56-H56,"") -> 0 | S56: =iferror(L56/H56,"") | T56: =iferror(R56/H56,"")
B57: 페르 | D57: =SUM(D7,D17,D27,D37,D47) -> 30261 | E57: =SUM(E7,E17,E27,E37,E47) -> 1471 | F57: =iferror(H57/E57,"") -> 326.59551 | G57: =iferror(E57/D57,"") -> 0.048610423 | H57: =SUM(H7,H17,H27,H37,H47) -> 480422 | I57: =SUM(I7,I17,I27,I37,I47) -> 115 | J57: =iferror(I57/E57,"") -> 0.07817811 | K57: =iferror(H57/I57,"") -> 4177.5826 | L57: =SUM(L7,L17,L27,L37,L47) -> 120000 | M57: =SUM(M7,M17,M27,M37,M47) -> 1 | O57: =SUM(O7,O17,O27,O37,O47) -> 1 | P57: =SUM(P7,P17,P27,P37,P47) -> 2 | Q57: =iferror(M57/I57,"") -> 0.0086956522 | R57: =iferror(L57-H57,"") -> -360422 | S57: =iferror(L57/H57,"") -> 0.2497804 | T57: =iferror(R57/H57,"") -> -0.7502196
B58: 데이빗 | D58: =SUM(D8,D18,D28,D38,D48) -> 0 | E58: =SUM(E8,E18,E28,E38,E48) -> 0 | F58: =iferror(H58/E58,"") | G58: =iferror(E58/D58,"") | H58: =SUM(H8,H18,H28,H38,H48) -> 0 | I58: =SUM(I8,I18,I28,I38,I48) -> 0 | J58: =iferror(I58/E58,"") | K58: =iferror(H58/I58,"") | L58: =SUM(L8,L18,L28,L38,L48) -> 0 | M58: =SUM(M8,M18,M28,M38,M48) -> 0 | O58: =SUM(O8,O18,O28,O38,O48) -> 0 | P58: =SUM(P8,P18,P28,P38,P48) -> 0 | Q58: =iferror(M58/I58,"") | R58: =iferror(L58-H58,"") -> 0 | S58: =iferror(L58/H58,"") | T58: =iferror(R58/H58,"")
A59: 팀평균 | F59: =averageif(F53:F58,">0") -> 347.48447 | G59: =averageif(G53:G58,">0") -> 0.051242614 | I59: =SUM(I53:I58) -> 624 | J59: =averageif(J53:J58,">0") -> 0.10027048 | K59: =averageif(K53:K58,">0") -> 3531.784 | L59: =SUM(L53:L58) -> 3440000 | M59: =SUM(M53:M58) -> 24 | O59: =SUM(O53:O58) -> 27 | P59: =SUM(P53:P58) -> 54 | Q59: =averageif(Q53:Q58,">0") -> 0.038148054 | S59: =averageif(S53:S58,">0") -> 1.8060512 | T59: =averageif(T53:T58,">0") -> 1.3248081
A61: 7~9월 | B61: 담당자 | C61: 매체분석 | I61: DB효율 | L61: 매출분석
C62: 작성시점 | D62: 노출량 | E62: 클릭 | F62: 클릭당 단가 (원) CPC (광고집행비/클릭) | G62: 클릭률 CTR (클릭/노출량) | H62: 누적 광고 집행비 | I62: DB수량 | J62: DB전환률 (DB수량/클릭) | K62: DB단가 (광고비/DB수량) | L62: 수당 매출 | M62: DB 클로징 건수 | N62: 비고 (고객이름, 메모 등) | O62: 판매수량 (객실 수) | P62: 판매수량 (동반 총인원) | Q62: 클로징률 (클로징건수/DB수량) | R62: 순이익(원) | S62: ROAS (매출/광고비)*100 | T62: ROI (순이익/광고비)*100
A63: 누적 통계 | B63: 맥스 | D63: =D53+'8월'!E63 -> 265992 | E63: =E53+'8월'!F63 -> 14295 | F63: =iferror(H63/E63,"") -> 179.61553 | G63: =iferror(E63/D63,"") -> 0.053742218 | H63: =H53+'8월'!I63 -> 2567604 | I63: =I53+'8월'!J63 -> 265 | J63: =iferror(I63/E63,"") -> 0.01853795 | K63: =iferror(H63/I63,"") -> 9689.0717 | L63: =L53+'8월'!M63 -> 3830000 | M63: =M53+'8월'!N63 -> 10 | O63: =SUM(O13,O23,O33,O43,O53) -> 4 | P63: =P53+'8월'!O63 -> 53 | Q63: =iferror(M63/I63,"") -> 0.037735849 | R63: =iferror(L63-H63,"") -> 1262396 | S63: =iferror(L63/H63,"") -> 1.491663 | T63: =iferror(R63/H63,"") -> 0.49166304
B64: 해리 | D64: =D54+'8월'!E64 -> 161619 | E64: =E54+'8월'!F64 -> 8786 | F64: =iferror(H64/E64,"") -> 285.84532 | G64: =iferror(E64/D64,"") -> 0.05436242 | H64: =H54+'8월'!I64 -> 2511437 | I64: =I54+'8월'!J64 -> 540 | J64: =iferror(I64/E64,"") -> 0.061461416 | K64: =iferror(H64/I64,"") -> 4650.8093 | L64: =L54+'8월'!M64 -> 3180000 | M64: =M54+'8월'!N64 -> 19 | O64: =SUM(O14,O24,O34,O44,O54) -> 26 | P64: =P54+'8월'!O64 -> 56 | Q64: =iferror(M64/I64,"") -> 0.035185185 | R64: =iferror(L64-H64,"") -> 668563 | S64: =iferror(L64/H64,"") -> 1.2662074 | T64: =iferror(R64/H64,"") -> 0.26620735
B65: 로즈 | D65: =D55+'8월'!E65 -> 270120 | E65: =E55+'8월'!F65 -> 13560 | F65: =iferror(H65/E65,"") -> 172.16291 | G65: =iferror(E65/D65,"") -> 0.050199911 | H65: =H55+'8월'!I65 -> 2334529 | I65: =I55+'8월'!J65 -> 537 | J65: =iferror(I65/E65,"") -> 0.03960177 | K65: =iferror(H65/I65,"") -> 4347.3538 | L65: =L55+'8월'!M65 -> 3060000 | M65: =M55+'8월'!N65 -> 21 | O65: =SUM(O15,O25,O35,O45,O55) -> 21.5 | P65: =P55+'8월'!O65 -> 49 | Q65: =iferror(M65/I65,"") -> 0.039106145 | R65: =iferror(L65-H65,"") -> 725471 | S65: =iferror(L65/H65,"") -> 1.3107569 | T65: =iferror(R65/H65,"") -> 0.3107569
B66: 오드리 | D66: =D56+'8월'!E66 -> 2533 | E66: =E56+'8월'!F66 -> 227 | F66: =iferror(H66/E66,"") -> 158.91189 | G66: =iferror(E66/D66,"") -> 0.089617055 | H66: =H56+'8월'!I66 -> 36073 | I66: =I56+'8월'!J66 -> 4 | J66: =iferror(I66/E66,"") -> 0.017621145 | K66: =iferror(H66/I66,"") -> 9018.25 | L66: =L56+'8월'!M66 -> 0 | M66: =M56+'8월'!N66 -> 0 | O66: =SUM(O16,O26,O36,O46,O56) -> 0 | P66: =P56+'8월'!O66 -> 0 | Q66: =iferror(M66/I66,"") -> 0 | R66: =iferror(L66-H66,"") -> -36073 | S66: =iferror(L66/H66,"") -> 0 | T66: =iferror(R66/H66,"") -> -1
B67: 페르 | D67: =D57+'8월'!E67 -> 234317 | E67: =E57+'8월'!F67 -> 11781 | F67: =iferror(H67/E67,"") -> 229.23334 | G67: =iferror(E67/D67,"") -> 0.050278042 | H67: =H57+'8월'!I67 -> 2700598 | I67: =I57+'8월'!J67 -> 428 | J67: =iferror(I67/E67,"") -> 0.036329683 | K67: =iferror(H67/I67,"") -> 6309.8084 | L67: =L57+'8월'!M67 -> 1470000 | M67: =M57+'8월'!N67 -> 8 | O67: =SUM(O17,O27,O37,O47,O57) -> 2 | P67: =P57+'8월'!O67 -> 23 | Q67: =iferror(M67/I67,"") -> 0.018691589 | R67: =iferror(L67-H67,"") -> -1230598 | S67: =iferror(L67/H67,"") -> 0.54432389 | T67: =iferror(R67/H67,"") -> -0.45567611
B68: 데이빗 | D68: =D58+'8월'!E68 -> 29260 | E68: =E58+'8월'!F68 -> 1605 | F68: =iferror(H68/E68,"") -> 137.27103 | G68: =iferror(E68/D68,"") -> 0.054853042 | H68: =H58+'8월'!I68 -> 220320 | I68: =I58+'8월'!J68 -> 29 | J68: =iferror(I68/E68,"") -> 0.018068536 | K68: =iferror(H68/I68,"") -> 7597.2414 | L68: =L58+'8월'!M68 -> 0 | M68: =M58+'8월'!N68 -> 0 | O68: =SUM(O18,O28,O38,O48,O58) -> 0 | P68: =P58+'8월'!O68 -> 0 | Q68: =iferror(M68/I68,"") -> 0 | R68: =iferror(L68-H68,"") -> -220320 | S68: =iferror(L68/H68,"") -> 0 | T68: =iferror(R68/H68,"") -> -1
A69: 팀평균 | F69: =averageif(F63:F68,">0") -> 193.84 | G69: =averageif(G63:G68,">0") -> 0.058842115 | I69: =SUM(I63:I68) -> 1803 | J69: =averageif(J63:J68,">0") -> 0.03193675 | K69: =averageif(K63:K68,">0") -> 6935.4224 | L69: =SUM(L63:L68) -> 11540000 | M69: =SUM(M63:M68) -> 58 | O69: =SUM(O63:O68) -> 53.5 | P69: =SUM(P63:P68) -> 181 | Q69: =averageif(Q63:Q68,">0") -> 0.032679692 | S69: =averageif(S63:S68,">0") -> 1.1532378 | T69: =averageif(T63:T68,">0") -> 0.3562091

Sheet 8월
A1: 8월 | B1: 담당자 | C1: 매체분석 | J1: DB효율 | M1: 매출분석
C2: 광고매체 | D2: 작성시점 | E2: 노출량 | F2: 클릭 | G2: 클릭당 단가 (원) CPC (광고집행비/클릭) | H2: 클릭률 CTR (클릭/노출량) | I2: 주간 집행 광고비 | J2: DB수량 | K2: DB전환률 (DB수량/클릭) | L2: DB단가 (광고비/DB수량) | M2: 수당 매출 | N2: DB 클로징 건수 | O2: 판매수량 (동반 총인원) | P2: 클로징률 (클로징건수/DB수량) | Q2: 순이익(원) | R2: ROAS (매출/광고비)*100 | S2: ROI (순이익/광고비)*100
A3: 8월 1주 8/3~8/9 (토~금) | B3: 맥스 | C3: 메타 | D3: 45512 | E3: 3125 | F3: 277 | G3: 388 | H3: =iferror(F3/E3,"") -> 0.08864 | I3: 106010 | J3: 32 | K3: =iferror(J3/F3,"") -> 0.11552347 | L3: =iferror(I3/J3,"") -> 3312.8125 | M3: 1140000 | N3: 2 | O3: 16 | P3: =iferror(N3/J3,"") -> 0.0625 | Q3: =iferror(M3-I3,"") -> 1033990 | R3: =iferror(M3/I3,"") -> 10.753702 | S3: =iferror(Q3/I3,"") -> 9.7537025
B4: 해리 | C4: 메타 | D4: 45515 | E4: 9308 | F4: 576 | G4: =iferror(I4/F4,"") -> 335.53993 | H4: =iferror(F4/E4,"") -> 0.061882252 | I4: 193271 | J4: 56 | K4: =iferror(J4/F4,"") -> 0.097222222 | L4: =iferror(I4/J4,"") -> 3451.2679 | M4: 240000 | N4: 1 | O4: 5 | P4: =iferror(N4/J4,"") -> 0.017857143 | Q4: =iferror(M4-I4,"") -> 46729 | R4: =iferror(M4/I4,"") -> 1.2417797 | S4: =iferror(Q4/I4,"") -> 0.24177968
B5: 로즈 | C5: 3 | D5: 8/9 까지 | E5: 27002 | F5: 1279 | G5: =iferror(I5/F5,"") -> 185.29945 | H5: =iferror(F5/E5,"") -> 0.047366862 | I5: 236998 | J5: 46 | K5: =iferror(J5/F5,"") -> 0.035965598 | L5: =iferror(I5/J5,"") -> 5152.1304 | M5: 300000 | N5: 3 | O5: 5 | P5: =iferror(N5/J5,"") -> 0.065217391 | Q5: =iferror(M5-I5,"") -> 63002 | R5: =iferror(M5/I5,"") -> 1.2658335 | S5: =iferror(Q5/I5,"") -> 0.26583347
B6: 오드리 | C6: 메타 | G6: =iferror(I6/F6,"") | H6: =iferror(F6/E6,"") | K6: =iferror(J6/F6,"") | L6: =iferror(I6/J6,"") | P6: =iferror(N6/J6,"") | Q6: =iferror(M6-I6,"") -> 0 | R6: =iferror(M6/I6,"") | S6: =iferror(Q6/I6,"")
B7: 페르 | C7: 메타 | D7: 24.08.15 | E7: 13796 | F7: 630 | G7: =iferror(I7/F7,"") -> 427.54603 | H7: =iferror(F7/E7,"") -> 0.04566541 | I7: 269354 | J7: 66 | K7: =iferror(J7/F7,"") -> 0.1047619 | L7: =iferror(I7/J7,"") -> 4081.1212 | M7: 450000 | N7: 2 | O7: 6 | P7: =iferror(N7/J7,"") -> 0.03030303 | Q7: =iferror(M7-I7,"") -> 180646 | R7: =iferror(M7/I7,"") -> 1.6706639 | S7: =iferror(Q7/I7,"") -> 0.67066388
B8: 데이빗 | C8: 메타 | G8: =iferror(I8/F8,"") | H8: =iferror(F8/E8,"") | K8: =iferror(J8/F8,"") | L8: =iferror(I8/J8,"") | P8: =iferror(N8/J8,"") | Q8: =iferror(M8-I8,"") -> 0 | R8: =iferror(M8/I8,"") | S8: =iferror(Q8/I8,"")
B9: 크리스 | C9: 메타 | G9: =iferror(I9/F9,"") | H9: =iferror(F9/E9,"") | K9: =iferror(J9/F9,"") | L9: =iferror(I9/J9,"") | P9: =iferror(N9/J9,"") | Q9: =iferror(M9-I9,"") -> 0 | R9: =iferror(M9/I9,"") | S9: =iferror(Q9/I9,"")
B10: 아이린 | C10: 메타 | G10: =iferror(I10/F10,"") | H10: =iferror(F10/E10,"") | K10: =iferror(J10/F10,"") | L10: =iferror(I10/J10,"") | P10: =iferror(N10/J10,"") | Q10: =iferror(M10-I10,"") -> 0 | R10: =iferror(M10/I10,"") | S10: =iferror(Q10/I10,"")
A11: 팀평균 | G11: =averageif(G3:G10,">0") -> 334.09635 | H11: =averageif(H3:H10,">0") -> 0.060888631 | J11: =SUM(J3:J10) -> 200 | K11: =averageif(K3:K10,">0") -> 0.088368298 | L11: =averageif(L3:L10,">0") -> 3999.333 | M11: =SUM(M3:M10) -> 2130000 | N11: =SUM(N3:N10) -> 8 | O11: =SUM(O3:O10) -> 32 | P11: =averageif(P3:P10,">0") -> 0.043969391 | R11: =averageif(R3:R10,">0") -> 3.7329949 | S11: =averageif(S3:S10,">0") -> 2.7329949
A13: 8월 | B13: 담당자 | C13: 매체분석 | J13: DB효율 | M13: 매출분석
C14: 광고매체 | D14: 작성시점 | E14: 노출량 | F14: 클릭 | G14: 클릭당 단가 (원) CPC (광고집행비/클릭) | H14: 클릭률 CTR (클릭/노출량) | I14: 주간 집행 광고비 | J14: DB수량 | K14: DB전환률 (DB수량/클릭) | L14: DB단가 (광고비/DB수량) | M14: 수당 매출 | N14: DB 클로징 건수 | O14: 판매수량 (동반 총인원) | P14: 클로징률 (클로징건수/DB수량) | Q14: 순이익(원) | R14: ROAS (매출/광고비)*100 | S14: ROI (순이익/광고비)*100
A15: 8월 2주 8/10~8/16 (토~금) | B15: 맥스 | C15: 메타 | D15: 45520 | E15: 4817 | F15: 425 | G15: 330 | H15: =iferror(F15/E15,"") -> 0.088229188 | I15: 140441 | J15: 16 | K15: =iferror(J15/F15,"") -> 0.037647059 | L15: =iferror(I15/J15,"") -> 8777.5625 | M15: 120000 | N15: 0 | O15: 2 | P15: =iferror(N15/J15,"") -> 0 | Q15: =iferror(M15-I15,"") -> -20441 | R15: =iferror(M15/I15,"") -> 0.85445134 | S15: =iferror(Q15/I15,"") -> -0.14554866
B16: 해리 | C16: 메타 | D16: 45522 | E16: 10448 | F16: 580 | G16: =iferror(I16/F16,"") -> 393.49483 | H16: =iferror(F16/E16,"") -> 0.055513017 | I16: 228227 | J16: 57 | K16: =iferror(J16/F16,"") -> 0.098275862 | L16: =iferror(I16/J16,"") -> 4003.9825 | M16: 0 | N16: 0 | O16: 0 | P16: =iferror(O16/J16,"") -> 0 | Q16: =iferror(M16-I16,"") -> -228227 | R16: =iferror(M16/I16,"") -> 0 | S16: =iferror(Q16/I16,"") -> -1
B17: 로즈 | C17: 4 | D17: 8/16까지 | E17: 23206 | F17: 1326 | G17: =iferror(I17/F17,"") -> 139.30845 | H17: =iferror(F17/E17,"") -> 0.057140395 | I17: 184723 | J17: 44 | K17: =iferror(J17/F17,"") -> 0.033182504 | L17: =iferror(I17/J17,"") -> 4198.25 | M17: 480000 | N17: 2 | O17: 6 | P17: =iferror(N17/J17,"") -> 0.045454545 | Q17: =iferror(M17-I17,"") -> 295277 | R17: =iferror(M17/I17,"") -> 2.5984853 | S17: =iferror(Q17/I17,"") -> 1.5984853
B18: 오드리 | C18: 메타 | G18: =iferror(I18/F18,"") | H18: =iferror(F18/E18,"") | K18: =iferror(J18/F18,"") | L18: =iferror(I18/J18,"") | P18: =iferror(N18/J18,"") | Q18: =iferror(M18-I18,"") -> 0 | R18: =iferror(M18/I18,"") | S18: =iferror(Q18/I18,"")
B19: 페르 | C19: 메타 | D19: 24.08.16 | E19: 10833 | F19: 508 | G19: =iferror(I19/F19,"") -> 445.05315 | H19: =iferror(F19/E19,"") -> 0.046893751 | I19: 226087 | J19: 55 | K19: =iferror(J19/F19,"") -> 0.10826772 | L19: =iferror(I19/J19,"") -> 4110.6727 | M19: 480000 | N19: 2 | O19: 6 | P19: =iferror(N19/J19,"") -> 0.036363636 | Q19: =iferror(M19-I19,"") -> 253913 | R19: =iferror(M19/I19,"") -> 2.1230765 | S19: =iferror(Q19/I19,"") -> 1.1230765
B20: 데이빗 | C20: 메타 | G20: =iferror(I20/F20,"") | H20: =iferror(F20/E20,"") | K20: =iferror(J20/F20,"") | L20: =iferror(I20/J20,"") | P20: =iferror(N20/J20,"") | Q20: =iferror(M20-I20,"") -> 0 | R20: =iferror(M20/I20,"") | S20: =iferror(Q20/I20,"")
B21: 크리스 | C21: 메타 | G21: =iferror(I21/F21,"") | H21: =iferror(F21/E21,"") | K21: =iferror(J21/F21,"") | L21: =iferror(I21/J21,"") | P21: =iferror(N21/J21,"") | Q21: =iferror(M21-I21,"") -> 0 | R21: =iferror(M21/I21,"") | S21: =iferror(Q21/I21,"")
B22: 아이린 | C22: 메타 | G22: =iferror(I22/F22,"") | H22: =iferror(F22/E22,"") | K22: =iferror(J22/F22,"") | L22: =iferror(I22/J22,"") | P22: =iferror(N22/J22,"") | Q22: =iferror(M22-I22,"") -> 0 | R22: =iferror(M22/I22,"") | S22: =iferror(Q22/I22,"")
A23: 팀평균 | G23: =averageif(G15:G22,">0") -> 326.96411 | H23: =averageif(H15:H22,">0") -> 0.061944088 | J23: =SUM(J15:J22) -> 172 | K23: =averageif(K15:K22,">0") -> 0.069343285 | L23: =averageif(L15:L22,">0") -> 5272.6169 | M23: =SUM(M15:M22) -> 1080000 | N23: =SUM(N15:N22) -> 4 | O23: =SUM(O15:O22) -> 14 | P23: =averageif(P15:P22,">0") -> 0.040909091 | R23: =averageif(R15:R22,">0") -> 1.8586711 | S23: =averageif(S15:S22,">0") -> 1.3607809
A25: 8월 | B25: 담당자 | C25: 매체분석 | J25: DB효율 | M25: 매출분석
C26: 광고매체 | D26: 작성시점 | E26: 노출량 | F26: 클릭 | G26: 클릭당 단가 (원) CPC (광고집행비/클릭) | H26: 클릭률 CTR (클릭/노출량) | I26: 주간 집행 광고비 | J26: DB수량 | K26: DB전환률 (DB수량/클릭) | L26: DB단가 (광고비/DB수량) | M26: 수당 매출 | N26: DB 클로징 건수 | O26: 판매수량 (동반 총인원) | P26: 클로징률 (클로징건수/DB수량) | Q26: 순이익(원) | R26: ROAS (매출/광고비)*100 | S26: ROI (순이익/광고비)*100
A27: 8월 3주 8/17~8/23 (토~금) | B27: 맥스 | C27: 메타 | D27: 45527 | E27: 4023 | F27: 321 | G27: 319 | H27: =iferror(F27/E27,"") -> 0.079791201 | I27: 102412 | J27: 14 | K27: =iferror(J27/F27,"") -> 0.043613707 | L27: =iferror(I27/J27,"") -> 7315.1429 | M27: 720000 | N27: 1 | O27: 12 | P27: =iferror(N27/J27,"") -> 0.071428571 | Q27: =iferror(M27-I27,"") -> 617588 | R27: =iferror(M27/I27,"") -> 7.0304261 | S27: =iferror(Q27/I27,"") -> 6.0304261
B28: 해리 | C28: 메타 | D28: 45527 | E28: 6486 | F28: 371 | G28: =iferror(I28/F28,"") -> 366.20755 | H28: =iferror(F28/E28,"") -> 0.057200123 | I28: 135863 | J28: 26 | K28: =iferror(J28/F28,"") -> 0.070080863 | L28: =iferror(I28/J28,"") -> 5225.5 | M28: 120000 | N28: 2 | O28: 2 | P28: =iferror(N28/J28,"") -> 0.076923077 | Q28: =iferror(M28-I28,"") -> -15863 | R28: =iferror(M28/I28,"") -> 0.88324268 | S28: =iferror(Q28/I28,"") -> -0.11675732
B29: 로즈 | C29: 메타 | D29: 8/20 오전9시반 | E29: 13568 | F29: 744 | G29: =iferror(I29/F29,"") -> 121.10215 | H29: =iferror(F29/E29,"") -> 0.054834906 | I29: 90100 | J29: 6 | K29: =iferror(J29/F29,"") -> 0.0080645161 | L29: =iferror(I29/J29,"") -> 15016.667 | P29: =iferror(N29/J29,"") -> 0 | Q29: =iferror(M29-I29,"") -> -90100 | R29: =iferror(M29/I29,"") -> 0 | S29: =iferror(Q29/I29,"") -> -1
B30: 오드리 | C30: 메타 | G30: =iferror(I30/F30,"") | H30: =iferror(F30/E30,"") | K30: =iferror(J30/F30,"") | L30: =iferror(I30/J30,"") | P30: =iferror(N30/J30,"") | Q30: =iferror(M30-I30,"") -> 0 | R30: =iferror(M30/I30,"") | S30: =iferror(Q30/I30,"")
B31: 페르 | C31: 메타 | D31: 24.08.24 | E31: 9052 | F31: 434 | G31: =iferror(I31/F31,"") -> 388.54608 | H31: =iferror(F31/E31,"") -> 0.047945205 | I31: 168629 | J31: 43 | K31: =iferror(J31/F31,"") -> 0.099078341 | L31: =iferror(I31/J31,"") -> 3921.6047 | M31: 300000 | N31: 2 | O31: 6 | P31: =iferror(N31/J31,"") -> 0.046511628 | Q31: =iferror(M31-I31,"") -> 131371 | R31: =iferror(M31/I31,"") -> 1.7790534 | S31: =iferror(Q31/I31,"") -> 0.77905342
B32: 데이빗 | C32: 메타 | G32: =iferror(I32/F32,"") | H32: =iferror(F32/E32,"") | K32: =iferror(J32/F32,"") | L32: =iferror(I32/J32,"") | P32: =iferror(N32/J32,"") | Q32: =iferror(M32-I32,"") -> 0 | R32: =iferror(M32/I32,"") | S32: =iferror(Q32/I32,"")
B33: 크리스 | C33: 메타 | G33: =iferror(I33/F33,"") | H33: =iferror(F33/E33,"") | K33: =iferror(J33/F33,"") | L33: =iferror(I33/J33,"") | P33: =iferror(N33/J33,"") | Q33: =iferror(M33-I33,"") -> 0 | R33: =iferror(M33/I33,"") | S33: =iferror(Q33/I33,"")
B34: 아이린 | C34: 메타 | G34: =iferror(I34/F34,"") | H34: =iferror(F34/E34,"") | K34: =iferror(J34/F34,"") | L34: =iferror(I34/J34,"") | P34: =iferror(N34/J34,"") | Q34: =iferror(M34-I34,"") -> 0 | R34: =iferror(M34/I34,"") | S34: =iferror(Q34/I34,"")
A35: 팀평균 | G35: =averageif(G27:G34,">0") -> 298.71395 | H35: =averageif(H27:H34,">0") -> 0.059942859 | J35: =SUM(J27:J34) -> 89 | K35: =averageif(K27:K34,">0") -> 0.055209357 | L35: =averageif(L27:L34,">0") -> 7869.7285 | M35: =SUM(M27:M34) -> 1140000 | N35: =SUM(N27:N34) -> 5 | O35: =SUM(O27:O34) -> 20 | P35: =averageif(P27:P34,">0") -> 0.064954425 | R35: =averageif(R27:R34,">0") -> 3.2309074 | S35: =averageif(S27:S34,">0") -> 3.4047398
A37: 8월 | B37: 담당자 | C37: 매체분석 | J37: DB효율 | M37: 매출분석
C38: 광고매체 | D38: 작성시점 | E38: 노출량 | F38: 클릭 | G38: 클릭당 단가 (원) CPC (광고집행비/클릭) | H38: 클릭률 CTR (클릭/노출량) | I38: 주간 집행 광고비 | J38: DB수량 | K38: DB전환률 (DB수량/클릭) | L38: DB단가 (광고비/DB수량) | M38: 수당 매출 | N38: DB 클로징 건수 | O38: 판매수량 (동반 총인원) | P38: 클로징률 (클로징건수/DB수량) | Q38: 순이익(원) | R38: ROAS (매출/광고비)*100 | S38: ROI (순이익/광고비)*100
A39: 8월 4주 8/24~8/30 (토~금) | B39: 맥스 | C39: 메타 | H39: =iferror(F39/E39,"") | K39: =iferror(J39/F39,"") | L39: =iferror(I39/J39,"") | P39: =iferror(N39/J39,"") | Q39: =iferror(M39-I39,"") -> 0 | R39: =iferror(M39/I39,"") | S39: =iferror(Q39/I39,"")
B40: 해리 | C40: 메타 | D40: 45531 | E40: 0 | F40: 0 | G40: =iferror(I40/F40,"") | H40: =iferror(F40/E40,"") | I40: 0 | J40: 1 | K40: =iferror(J40/F40,"") | L40: =iferror(I40/J40,"") -> 0 | M40: 120000 | N40: 1 | O40: 2 | P40: =iferror(O40/J40,"") -> 2 | Q40: =iferror(M40-I40,"") -> 120000 | R40: =iferror(M40/I40,"") | S40: =iferror(Q40/I40,"")
B41: 로즈 | G41: =iferror(I41/F41,"") | H41: =iferror(F41/E41,"") | K41: =iferror(J41/F41,"") | L41: =iferror(I41/J41,"") | P41: =iferror(N41/J41,"") | Q41: =iferror(M41-I41,"") -> 0 | R41: =iferror(M41/I41,"") | S41: =iferror(Q41/I41,"")
B42: 오드리 | C42: 메타 | G42: =iferror(I42/F42,"") | H42: =iferror(F42/E42,"") | K42: =iferror(J42/F42,"") | L42: =iferror(I42/J42,"") | P42: =iferror(N42/J42,"") | Q42: =iferror(M42-I42,"") -> 0 | R42: =iferror(M42/I42,"") | S42: =iferror(Q42/I42,"")
B43: 페르 | C43: 메타 | G43: =iferror(I43/F43,"") | H43: =iferror(F43/E43,"") | K43: =iferror(J43/F43,"") | L43: =iferror(I43/J43,"") | P43: =iferror(N43/J43,"") | Q43: =iferror(M43-I43,"") -> 0 | R43: =iferror(M43/I43,"") | S43: =iferror(Q43/I43,"")
B44: 데이빗 | C44: 메타 | G44: =iferror(I44/F44,"") | H44: =iferror(F44/E44,"") | K44: =iferror(J44/F44,"") | L44: =iferror(I44/J44,"") | P44: =iferror(N44/J44,"") | Q44: =iferror(M44-I44,"") -> 0 | R44: =iferror(M44/I44,"") | S44: =iferror(Q44/I44,"")
B45: 크리스 | C45: 메타 | G45: =iferror(I45/F45,"") | H45: =iferror(F45/E45,"") | K45: =iferror(J45/F45,"") | L45: =iferror(I45/J45,"") | P45: =iferror(N45/J45,"") | Q45: =iferror(M45-I45,"") -> 0 | R45: =iferror(M45/I45,"") | S45: =iferror(Q45/I45,"")
B46: 아이린 | C46: 메타 | G46: =iferror(I46/F46,"") | H46: =iferror(F46/E46,"") | K46: =iferror(J46/F46,"") | L46: =iferror(I46/J46,"") | P46: =iferror(N46/J46,"") | Q46: =iferror(M46-I46,"") -> 0 | R46: =iferror(M46/I46,"") | S46: =iferror(Q46/I46,"")
A47: 팀평균 | G47: =averageif(G39:G46,">0") -> #DIV/0! | H47: =averageif(H39:H46,">0") -> #DIV/0! | J47: =SUM(J39:J46) -> 1 | K47: =averageif(K39:K46,">0") -> #DIV/0! | L47: =averageif(L39:L46,">0") -> #DIV/0! | M47: =SUM(M39:M46) -> 120000 | N47: =SUM(N39:N46) -> 1 | O47: =SUM(O39:O46) -> 2 | P47: =averageif(P39:P46,">0") -> 2 | R47: =averageif(R39:R46,">0") -> #DIV/0! | S47: =averageif(S39:S46,">0") -> #DIV/0!
A49: 8월 통계 | B49: 담당자 | C49: 매체분석 | J49: DB효율 | M49: 매출분석
C50: 광고매체 | D50: 작성시점 | E50: 노출량 | F50: 클릭 | G50: 클릭당 단가 (원) CPC (광고집행비/클릭) | H50: 클릭률 CTR (클릭/노출량) | I50: 월간 광고집행비 | J50: DB수량 | K50: DB전환률 (DB수량/클릭) | L50: DB단가 (광고비/DB수량) | M50: 수당 매출 | N50: DB 클로징 건수 | O50: 판매수량 (동반 총인원) | P50: 클로징률 (클로징건수/DB수량) | Q50: 순이익(원) | R50: ROAS (매출/광고비)*100 | S50: ROI (순이익/광고비)*100
B51: 맥스 | C51: 메타 | E51: =SUM(E3,E15,E27,E39) -> 11965 | F51: =SUM(F3,F15,F27,F39) -> 1023 | G51: =iferror(I51/F51,"") -> 341.01955 | H51: =iferror(F51/E51,"") -> 0.085499373 | I51: =SUM(I3,I15,I27,I39) -> 348863 | J51: =SUM(J3,J15,J27,J39) -> 62 | K51: =iferror(J51/F51,"") -> 0.060606061 | L51: =iferror(I51/J51,"") -> 5626.8226 | M51: =SUM(M3,M15,M27,M39) -> 1980000 | N51: =SUM(N3,N15,N27,N39) -> 3 | O51: =SUM(O3,O15,O27,O39) -> 30 | P51: =iferror(N51/J51,"") -> 0.048387097 | Q51: =iferror(M51-I51,"") -> 1631137 | R51: =iferror(M51/I51,"") -> 5.6755804 | S51: =iferror(Q51/I51,"") -> 4.6755804
B52: 해리 | C52: 메타 | E52: =SUM(E4,E16,E28,E40) -> 26242 | F52: =SUM(F4,F16,F28,F40) -> 1527 | G52: =iferror(I52/F52,"") -> 365.00393 | H52: =iferror(F52/E52,"") -> 0.058189162 | I52: =SUM(I4,I16,I28,I40) -> 557361 | J52: =SUM(J4,J16,J28,J40) -> 140 | K52: =iferror(J52/F52,"") -> 0.091683039 | L52: =iferror(I52/J52,"") -> 3981.15 | M52: =SUM(M4,M16,M28,M40) -> 480000 | N52: =SUM(N4,N16,N28,N40) -> 4 | O52: =SUM(O4,O16,O28,O40) -> 9 | P52: =iferror(N52/J52,"") -> 0.028571429 | Q52: =iferror(M52-I52,"") -> -77361 | R52: =iferror(M52/I52,"") -> 0.86120127 | S52: =iferror(Q52/I52,"") -> -0.13879873
B53: 로즈 | C53: =SUM(C5,C17,C29,C41) -> 7 | E53: =SUM(E5,E17,E29,E41) -> 63776 | F53: =SUM(F5,F17,F29,F41) -> 3349 | G53: =iferror(I53/F53,"") -> 152.82801 | H53: =iferror(F53/E53,"") -> 0.052511917 | I53: =SUM(I5,I17,I29,I41) -> 511821 | J53: =SUM(J5,J17,J29,J41) -> 96 | K53: =iferror(J53/F53,"") -> 0.028665273 | L53: =iferror(I53/J53,"") -> 5331.4688 | M53: =SUM(M5,M17,M29,M41) -> 780000 | N53: =SUM(N5,N17,N29,N41) -> 5 | O53: =SUM(O5,O17,O29,O41) -> 11 | P53: =iferror(N53/J53,"") -> 0.052083333 | Q53: =iferror(M53-I53,"") -> 268179 | R53: =iferror(M53/I53,"") -> 1.5239703 | S53: =iferror(Q53/I53,"") -> 0.52397029
B54: 오드리 | C54: 메타 | G54: =iferror(I54/F54,"") | H54: =iferror(F54/E54,"") | K54: =iferror(J54/F54,"") | L54: =iferror(I54/J54,"") | P54: =iferror(N54/J54,"") | Q54: =iferror(M54-I54,"") -> 0 | R54: =iferror(M54/I54,"") | S54: =iferror(Q54/I54,"")
B55: 페르 | C55: 메타 | E55: =SUM(E7,E19,E31,E43) -> 33681 | F55: =SUM(F7,F19,F31,F43) -> 1572 | G55: =iferror(I55/F55,"") -> 422.43639 | H55: =iferror(F55/E55,"") -> 0.046673199 | I55: =SUM(I7,I19,I31,I43) -> 664070 | J55: =SUM(J7,J19,J31,J43) -> 164 | K55: =iferror(J55/F55,"") -> 0.1043257 | L55: =iferror(I55/J55,"") -> 4049.2073 | M55: =SUM(M7,M19,M31,M43) -> 1230000 | N55: =SUM(N7,N19,N31,N43) -> 6 | O55: =SUM(O7,O19,O31,O43) -> 18 | P55: =iferror(N55/J55,"") -> 0.036585366 | Q55: =iferror(M55-I55,"") -> 565930 | R55: =iferror(M55/I55,"") -> 1.8522144 | S55: =iferror(Q55/I55,"") -> 0.85221437
B56: 데이빗 | C56: 메타 | G56: =iferror(I56/F56,"") | H56: =iferror(F56/E56,"") | K56: =iferror(J56/F56,"") | L56: =iferror(I56/J56,"") | P56: =iferror(N56/J56,"") | Q56: =iferror(M56-I56,"") -> 0 | R56: =iferror(M56/I56,"") | S56: =iferror(Q56/I56,"")
B57: 크리스 | C57: 메타 | G57: =iferror(I57/F57,"") | H57: =iferror(F57/E57,"") | K57: =iferror(J57/F57,"") | L57: =iferror(I57/J57,"") | P57: =iferror(N57/J57,"") | Q57: =iferror(M57-I57,"") -> 0 | R57: =iferror(M57/I57,"") | S57: =iferror(Q57/I57,"")
B58: 아이린 | C58: 메타 | G58: =iferror(I58/F58,"") | H58: =iferror(F58/E58,"") | K58: =iferror(J58/F58,"") | L58: =iferror(I58/J58,"") | P58: =iferror(N58/J58,"") | Q58: =iferror(M58-I58,"") -> 0 | R58: =iferror(M58/I58,"") | S58: =iferror(Q58/I58,"")
A59: 팀평균 | G59: =averageif(G51:G58,">0") -> 320.32197 | H59: =averageif(H51:H58,">0") -> 0.060718413 | J59: =SUM(J51:J58) -> 462 | K59: =averageif(K51:K58,">0") -> 0.071320018 | L59: =averageif(L51:L58,">0") -> 4747.1622 | M59: =SUM(M51:M58) -> 4470000 | N59: =SUM(N51:N58) -> 18 | O59: =SUM(O51:O58) -> 68 | P59: =averageif(P51:P58,">0") -> 0.041406806 | R59: =averageif(R51:R58,">0") -> 2.4782416 | S59: =averageif(S51:S58,">0") -> 2.017255
A61: 7~8월 누적 통계 | B61: 담당자 | C61: 매체분석 | J61: DB효율 | M61: 매출분석
C62: 광고매체 | D62: 작성시점 | E62: 노출량 | F62: 클릭 | G62: 클릭당 단가 (원) CPC (광고집행비/클릭) | H62: 클릭률 CTR (클릭/노출량) | I62: 주간 집행 광고비 | J62: DB수량 | K62: DB전환률 (DB수량/클릭) | L62: DB단가 (광고비/DB수량) | M62: 수당 매출 | N62: DB 클로징 건수 | O62: 판매수량 (동반 총인원) | P62: 클로징률 (클로징건수/DB수량) | Q62: 순이익(원) | R62: ROAS (매출/광고비)*100 | S62: ROI (순이익/광고비)*100
B63: 맥스 | E63: =E51+'7월'!E78 -> 257000 | F63: =F51+'7월'!F78 -> 13863 | G63: =iferror(I63/F63,"") -> 171.90449 | H63: =iferror(F63/E63,"") -> 0.053941634 | I63: =I51+'7월'!I78 -> 2383112 | J63: =J51+'7월'!J78 -> 223 | K63: =iferror(J63/F63,"") -> 0.016085984 | L63: =iferror(I63/J63,"") -> 10686.601 | M63: =M51+'7월'!M78 -> 3510000 | N63: =N51+'7월'!N78 -> 8 | O63: =O51+'7월'!O78 -> 49 | P63: =iferror(N63/J63,"") -> 0.035874439 | Q63: =iferror(M63-I63,"") -> 1126888 | R63: =iferror(M63/I63,"") -> 1.4728641 | S63: =iferror(Q63/I63,"") -> 0.47286405
B64: 해리 | E64: =E52+'7월'!E79 -> 133620 | F64: =F52+'7월'!F79 -> 7605 | G64: =iferror(I64/F64,"") -> 268.3215 | H64: =iferror(F64/E64,"") -> 0.056915132 | I64: =I52+'7월'!I79 -> 2040585 | J64: =J52+'7월'!J79 -> 384 | K64: =iferror(J64/F64,"") -> 0.050493097 | L64: =iferror(I64/J64,"") -> 5314.0234 | M64: =M52+'7월'!M79 -> 1500000 | N64: 10 | O64: 30 | P64: =iferror(N64/J64,"") -> 0.026041667 | Q64: =iferror(M64-I64,"") -> -540585 | R64: =iferror(M64/I64,"") -> 0.73508332 | S64: =iferror(Q64/I64,"") -> -0.26491668
B65: 로즈 | C65: =C53+'7월'!C80 -> 15 | E65: =E53+'7월'!E80 -> 219876 | F65: =F53+'7월'!F80 -> 10237 | G65: =iferror(I65/F65,"") -> 150.92537 | H65: =iferror(F65/E65,"") -> 0.04655806 | I65: =I53+'7월'!I80 -> 1545023 | J65: =J53+'7월'!J80 -> 226 | K65: =iferror(J65/F65,"") -> 0.02207678 | L65: =iferror(I65/J65,"") -> 6836.385 | M65: =M53+'7월'!M80 -> 1740000 | N65: =N53+'7월'!N80 -> 9 | O65: =O53+'7월'!O80 -> 27 | P65: =iferror(N65/J65,"") -> 0.039823009 | Q65: =iferror(M65-I65,"") -> 194977 | R65: =iferror(M65/I65,"") -> 1.1261968 | S65: =iferror(Q65/I65,"") -> 0.12619683
B66: 오드리 | E66: =E54+'7월'!E81 -> 2533 | F66: =F54+'7월'!F81 -> 227 | G66: =iferror(I66/F66,"") -> 158.91189 | H66: =iferror(F66/E66,"") -> 0.089617055 | I66: =I54+'7월'!I81 -> 36073 | J66: =J54+'7월'!J81 -> 4 | K66: =iferror(J66/F66,"") -> 0.017621145 | L66: =iferror(I66/J66,"") -> 9018.25 | M66: =M54+'7월'!M81 -> 0 | N66: =N54+'7월'!N81 -> 0 | O66: =O54+'7월'!O81 -> 0 | P66: =iferror(N66/J66,"") -> 0 | Q66: =iferror(M66-I66,"") -> -36073 | R66: =iferror(M66/I66,"") -> 0 | S66: =iferror(Q66/I66,"") -> -1
B67: 페르 | E67: =E55+'7월'!E82 -> 204056 | F67: =F55+'7월'!F82 -> 10310 | G67: =iferror(I67/F67,"") -> 215.342 | H67: =iferror(F67/E67,"") -> 0.050525346 | I67: =I55+'7월'!I82 -> 2220176 | J67: =J55+'7월'!J82 -> 313 | K67: =iferror(J67/F67,"") -> 0.030358875 | L67: =iferror(I67/J67,"") -> 7093.2141 | M67: =M55+'7월'!M82 -> 1350000 | N67: =N55+'7월'!N82 -> 7 | O67: =O55+'7월'!O82 -> 21 | P67: =iferror(N67/J67,"") -> 0.022364217 | Q67: =iferror(M67-I67,"") -> -870176 | R67: =iferror(M67/I67,"") -> 0.6080599 | S67: =iferror(Q67/I67,"") -> -0.3919401
B68: 데이빗 | E68: =E56+'7월'!E85 -> 29260 | F68: =F56+'7월'!F85 -> 1605 | G68: =iferror(I68/F68,"") -> 137.27103 | H68: =iferror(F68/E68,"") -> 0.054853042 | I68: =I56+'7월'!I85 -> 220320 | J68: =J56+'7월'!J85 -> 29 | K68: =iferror(J68/F68,"") -> 0.018068536 | L68: =iferror(I68/J68,"") -> 7597.2414 | M68: =M56+'7월'!M85 -> 0 | N68: =N56+'7월'!N85 -> 0 | O68: =O56+'7월'!O85 -> 0 | P68: =iferror(N68/J68,"") -> 0 | Q68: =iferror(M68-I68,"") -> -220320 | R68: =iferror(M68/I68,"") -> 0 | S68: =iferror(Q68/I68,"") -> -1
B69: 크리스 | E69: =E57 | F69: =F57 | G69: =iferror(I69/F69,"") | H69: =iferror(F69/E69,"") | K69: =iferror(J69/F69,"") | L69: =iferror(I69/J69,"") | P69: =iferror(N69/J69,"") | Q69: =iferror(M69-I69,"") -> 0 | R69: =iferror(M69/I69,"") | S69: =iferror(Q69/I69,"")
B70: 아이린 | G70: =iferror(I70/F70,"") | H70: =iferror(F70/E70,"") | K70: =iferror(J70/F70,"") | L70: =iferror(I70/J70,"") | P70: =iferror(N70/J70,"") | Q70: =iferror(M70-I70,"") -> 0 | R70: =iferror(M70/I70,"") | S70: =iferror(Q70/I70,"")
B71: 나폴레온 | E71: ='7월'!E83 -> 132181 | F71: ='7월'!F83 -> 9388 | G71: =iferror(I71/F71,"") -> 98.800277 | H71: =iferror(F71/E71,"") -> 0.071023823 | I71: ='7월'!I83 -> 927537 | J71: ='7월'!J83 -> 118 | K71: =iferror(J71/F71,"") -> 0.012569237 | L71: =iferror(I71/J71,"") -> 7860.4831 | M71: ='7월'!M83 -> 1140000 | N71: ='7월'!N83 -> 7 | O71: ='7월'!O83 -> 18 | P71: =iferror(N71/J71,"") -> 0.059322034 | Q71: =iferror(M71-I71,"") -> 212463 | R71: =iferror(M71/I71,"") -> 1.2290615 | S71: =iferror(Q71/I71,"") -> 0.22906148
A72: 팀평균 | G72: =averageif(G63:G71,">0") -> 171.63951 | H72: =averageif(H63:H71,">0") -> 0.060490585 | J72: =SUM(J63:J71) -> 1297 | K72: =averageif(K63:K71,">0") -> 0.023896236 | L72: =averageif(L63:L71,">0") -> 7772.314 | M72: =SUM(M63:M71) -> 9240000 | N72: =SUM(N63:N71) -> 41 | O72: =SUM(O63:O71) -> 145 | P72: =averageif(P63:P71,">0") -> 0.036685073 | R72: =averageif(R63:R71,">0") -> 1.0342531 | S72: =averageif(S63:S71,">0") -> 0.27604079

Sheet 7월
A1: 7월 | B1: 담당자 | C1: 매체분석 | J1: DB효율 | M1: 매출분석
C2: 광고매체 | D2: 작성시점 | E2: 노출량 | F2: 클릭 | G2: 클릭당 단가 (원) CPC (광고집행비/클릭) | H2: 클릭률 CTR (클릭/노출량) | I2: 주간 집행 광고비 | J2: DB수량 | K2: DB전환률 (DB수량/클릭) | L2: DB단가 (광고비/DB수량) | M2: 수당 매출 | N2: DB 클로징 건수 | O2: 판매수량 (동반 총인원) | P2: 클로징률 (클로징건수/DB수량) | Q2: 순이익(원) | R2: ROAS (매출/광고비)*100 | S2: ROI (순이익/광고비)*100
A3: =now() -> 46139.965 | B3: 맥스 | C3: 메타 | D3: 2024.07.05 | E3: 17474 | F3: 974 | G3: =iferror(I3/F3,"") -> 179.12012 | H3: =iferror(F3/E3,"") -> 0.055739957 | I3: 174463 | J3: 14 | K3: =iferror(J3/F3,"") -> 0.014373717 | L3: =iferror(I3/J3,"") -> 12461.643 | M3: 120000 | N3: 1 | O3: 2 | P3: =iferror(N3/J3,"") -> 0.071428571 | Q3: =iferror(M3-I3,"") -> -54463 | R3: =iferror(M3/I3,"") -> 0.68782493 | S3: =iferror(Q3/I3,"") -> -0.31217507
A4: 7월 1주 6/30~7/5 (토~금) | B4: 해리 | C4: 메타 | D4: 7/7 오후 1시반 | E4: 12899 | F4: 1161 | G4: =iferror(I4/F4,"") -> 178.00258 | H4: =iferror(F4/E4,"") -> 0.090006977 | I4: 206661 | J4: 21 | K4: =iferror(J4/F4,"") -> 0.018087855 | L4: =iferror(I4/J4,"") -> 9841 | M4: 120000 | N4: 1 | O4: 2 | P4: =iferror(N4/J4,"") -> 0.047619048 | Q4: =iferror(M4-I4,"") -> -86661 | R4: =iferror(M4/I4,"") -> 0.58066108 | S4: =iferror(Q4/I4,"") -> -0.41933892
B5: 로즈 | C5: 메타 | D5: 45478.999 | E5: 6088 | F5: 311 | G5: =iferror(I5/F5,"") -> 195.56913 | H5: =iferror(F5/E5,"") -> 0.0510841 | I5: 60822 | J5: 6 | K5: =iferror(J5/F5,"") -> 0.019292605 | L5: =iferror(I5/J5,"") -> 10137 | P5: =iferror(N5/J5,"") -> 0 | Q5: =iferror(M5-I5,"") -> -60822 | R5: =iferror(M5/I5,"") -> 0 | S5: =iferror(Q5/I5,"") -> -1
B6: 오드리 | C6: 메타 | E6: 2533 | F6: 227 | G6: =iferror(I6/F6,"") -> 158.91189 | H6: =iferror(F6/E6,"") -> 0.089617055 | I6: 36073 | J6: 4 | K6: =iferror(J6/F6,"") -> 0.017621145 | L6: =iferror(I6/J6,"") -> 9018.25 | P6: =iferror(N6/J6,"") -> 0 | Q6: =iferror(M6-I6,"") -> -36073 | R6: =iferror(M6/I6,"") -> 0 | S6: =iferror(Q6/I6,"") -> -1
B7: 페르 | C7: 메타 | D7: 45479.599 | E7: 8603 | F7: 475 | G7: =iferror(I7/F7,"") -> 184.90526 | H7: =iferror(F7/E7,"") -> 0.055213298 | I7: 87830 | J7: 9 | K7: =iferror(J7/F7,"") -> 0.018947368 | L7: =iferror(I7/J7,"") -> 9758.8889 | P7: =iferror(N7/J7,"") -> 0 | Q7: =iferror(M7-I7,"") -> -87830 | R7: =iferror(M7/I7,"") -> 0 | S7: =iferror(Q7/I7,"") -> -1
B8: 나폴레온 | C8: 메타 | D8: 7/1~7/6 | E8: 8895 | F8: 958 | G8: 79 | H8: =iferror(F8/E8,"") -> 0.10770096 | I8: 76471 | J8: 28 | K8: =iferror(J8/F8,"") -> 0.029227557 | L8: =iferror(I8/J8,"") -> 2731.1071 | M8: 120000 | N8: 1 | O8: 3 | P8: =iferror(N8/J8,"") -> 0.035714286 | Q8: =iferror(M8-I8,"") -> 43529 | R8: =iferror(M8/I8,"") -> 1.5692223 | S8: =iferror(Q8/I8,"") -> 0.56922232
B9: 제니 | C9: 메타 | D9: 45479.451 | E9: 7081 | F9: 438 | G9: =iferror(I9/F9,"") -> 192.05936 | H9: =iferror(F9/E9,"") -> 0.06185567 | I9: 84122 | J9: 9 | K9: =iferror(J9/F9,"") -> 0.020547945 | L9: =iferror(I9/J9,"") -> 9346.8889 | P9: =iferror(N9/J9,"") -> 0 | Q9: =iferror(M9-I9,"") -> -84122 | R9: =iferror(M9/I9,"") -> 0 | S9: =iferror(Q9/I9,"") -> -1
B10: 데이빗 | G10: =iferror(I10/F10,"") | H10: =iferror(F10/E10,"") | K10: =iferror(J10/F10,"") | L10: =iferror(I10/J10,"") | P10: =iferror(N10/J10,"") | Q10: =iferror(M10-I10,"") -> 0 | R10: =iferror(M10/I10,"") | S10: =iferror(Q10/I10,"")
B11: 케빈 | C11: 메타 | D11: 45479.497 | E11: 3964 | F11: 235 | G11: =iferror(I11/F11,"") -> 314.83404 | H11: =iferror(F11/E11,"") -> 0.059283552 | I11: 73986 | J11: 2 | K11: =iferror(J11/F11,"") -> 0.0085106383 | L11: =iferror(I11/J11,"") -> 36993 | P11: =iferror(N11/J11,"") -> 0 | Q11: =iferror(M11-I11,"") -> -73986 | R11: =iferror(M11/I11,"") -> 0 | S11: =iferror(Q11/I11,"") -> -1
B12: 엘리 | C12: 메타 | D12: 45479.431 | E12: 11062 | F12: 670 | G12: =iferror(I12/F12,"") -> 129.08657 | H12: =iferror(F12/E12,"") -> 0.060567709 | I12: 86488 | J12: 10 | K12: =iferror(J12/F12,"") -> 0.014925373 | L12: =iferror(I12/J12,"") -> 8648.8 | P12: =iferror(N12/J12,"") -> 0 | Q12: =iferror(M12-I12,"") -> -86488 | R12: =iferror(M12/I12,"") -> 0 | S12: =iferror(Q12/I12,"") -> -1
B13: 칼리 | G13: =iferror(I13/F13,"") | H13: =iferror(F13/E13,"") | K13: =iferror(J13/F13,"") | L13: =iferror(I13/J13,"") | P13: =iferror(N13/J13,"") | Q13: =iferror(M13-I13,"") -> 0 | R13: =iferror(M13/I13,"") | S13: =iferror(Q13/I13,"")
A14: 팀평균 | G14: =averageif(G3:G13,">0") -> 179.05433 | H14: =averageif(H3:H13,">0") -> 0.070118808 | J14: =SUM(J3:J13) -> 103 | K14: =averageif(K3:K13,">0") -> 0.017948245 | L14: =averageif(L3:L13,">0") -> 12104.064 | M14: =SUM(M3:M13) -> 360000 | N14: =SUM(N3:N13) -> 3 | O14: =SUM(O3:O13) -> 7 | P14: =averageif(P3:P13,">0") -> 0.051587302 | R14: =averageif(R3:R13,">0") -> 0.94590278 | S14: =averageif(S3:S13,">0") -> 0.56922232
A16: 7월 2주 7/6~7/12 (토~금) | B16: 담당자 | C16: 매체분석 | J16: DB효율 | M16: 매출분석
C17: 광고매체 | D17: 작성시점 | E17: 노출량 | F17: 클릭 | G17: 클릭당 단가 (원) CPC (광고집행비/클릭) | H17: 클릭률 CTR (클릭/노출량) | I17: 주간 집행 광고비 | J17: DB수량 | K17: DB전환률 (DB수량/클릭) | L17: DB단가 (광고비/DB수량) | M17: 수당 매출 | N17: DB 클로징 건수 | O17: 판매수량 (동반 총인원) | P17: 클로징률 (클로징건수/DB수량) | Q17: 순이익(원) | R17: ROAS (매출/광고비)*100 | S17: ROI (순이익/광고비)*100
B18: 맥스 | C18: 메타 | D18: 2024.07.12 | E18: 38659 | F18: 1894 | G18: 201 | H18: =iferror(F18/E18,"") -> 0.048992473 | I18: 380686 | J18: 31 | K18: =iferror(J18/F18,"") -> 0.016367476 | L18: =iferror(I18/J18,"") -> 12280.194 | M18: -120000 | N18: -1 | O18: -2 | P18: =iferror(N18/J18,"") -> -0.032258065 | Q18: =iferror(M18-I18,"") -> -500686 | R18: =iferror(M18/I18,"") -> -0.31522042 | S18: =iferror(Q18/I18,"") -> -1.3152204
B19: 해리 | C19: 메타 | D19: 45487 | E19: 29732 | F19: 1483 | G19: =iferror(I19/F19,"") -> 213.01955 | H19: =iferror(F19/E19,"") -> 0.049878918 | I19: 315908 | J19: 26 | K19: =iferror(J19/F19,"") -> 0.01753203 | L19: =iferror(I19/J19,"") -> 12150.308 | M19: 0 | N19: 0 | O19: 0 | P19: =iferror(N19/J19,"") -> 0 | Q19: =iferror(M19-I19,"") -> -315908 | R19: =iferror(M19/I19,"") -> 0 | S19: =iferror(Q19/I19,"") -> -1
B20: 로즈 | C20: 메타 | D20: 7/12 밤 12시 | E20: 29917 | F20: 1485 | G20: =iferror(I20/F20,"") -> 153.30168 | H20: =iferror(F20/E20,"") -> 0.04963733 | I20: 227653 | J20: 30 | K20: =iferror(J20/F20,"") -> 0.02020202 | L20: =iferror(I20/J20,"") -> 7588.4333 | P20: =iferror(N20/J20,"") -> 0 | Q20: =iferror(M20-I20,"") -> -227653
B21: 오드리 | G21: =iferror(I21/F21,"") | H21: =iferror(F21/E21,"") | K21: =iferror(J21/F21,"") | L21: =iferror(I21/J21,"") | P21: =iferror(N21/J21,"") | Q21: =iferror(M21-I21,"") -> 0
B22: 페르 | C22: 메타 | D22: 45484.787 | E22: 35773 | F22: 1811 | G22: =iferror(I22/F22,"") -> 153.81888 | H22: =iferror(F22/E22,"") -> 0.050624773 | I22: 278566 | J22: 14 | K22: =iferror(J22/F22,"") -> 0.0077305356 | L22: =iferror(I22/J22,"") -> 19897.571 | M22: 0 | N22: 0 | O22: 0 | P22: =iferror(N22/J22,"") -> 0 | Q22: =iferror(M22-I22,"") -> -278566
B23: 나폴레온 | C23: 메타 | D23: 7/7~7/13 | E23: 34288 | F23: 2755 | G23: =iferror(I23/F23,"") -> 101.6294 | H23: =iferror(F23/E23,"") -> 0.08034881 | I23: 279989 | J23: 38 | K23: =iferror(J23/F23,"") -> 0.013793103 | L23: =iferror(I23/J23,"") -> 7368.1316 | M23: 240000 | N23: 2 | O23: 5 | P23: =iferror(N23/J23,"") -> 0.052631579 | Q23: =iferror(M23-I23,"") -> -39989 | R23: =iferror(M23/I23,"") -> 0.85717653 | S23: =iferror(Q23/I23,"") -> -0.14282347
B24: 제니 | C24: 메타 | D24: 7/13 오전 | E24: 16134 | F24: 704 | G24: 233 | H24: =iferror(F24/E24,"") -> 0.043634561 | I24: 164121 | J24: 7 | K24: =iferror(J24/F24,"") -> 0.0099431818 | L24: =iferror(I24/J24,"") -> 23445.857 | P24: =iferror(N24/J24,"") -> 0 | Q24: =iferror(M24-I24,"") -> -164121
B25: 데이빗 | C25: 메타 | D25: 7/13 오전 방금 | E25: 29260 | F25: 1605 | G25: =iferror(I25/F25,"") -> 137.27103 | H25: =iferror(F25/E25,"") -> 0.054853042 | I25: 220320 | J25: 29 | K25: =iferror(J25/F25,"") -> 0.018068536 | L25: =iferror(I25/J25,"") -> 7597.2414 | P25: =iferror(N25/J25,"") -> 0 | Q25: =iferror(M25-I25,"") -> -220320 | R25: =iferror(M25/I25*100, "") -> 0 | S25: =iferror(Q25/I25,"") -> -1
B26: 케빈 | C26: 메타 | D26: 45486.454 | E26: 10692 | F26: 620 | G26: =iferror(I26/F26,"") -> 256.22258 | H26: =iferror(F26/E26,"") -> 0.05798728 | I26: 158858 | J26: 2 | K26: =iferror(J26/F26,"") -> 0.0032258065 | L26: =iferror(I26/J26,"") -> 79429 | M26: 0 | N26: 0 | O26: 0 | P26: =iferror(N26/J26,"") -> 0 | Q26: =iferror(M26-I26,"") -> -158858
B27: 엘리 | C27: 메타 | D27: 2024.7.20 | E27: 19040 | F27: 1117 | G27: =iferror(I27/F27,"") -> 122.95613 | H27: =iferror(F27/E27,"") -> 0.058665966 | I27: 137342 | J27: 6 | K27: =iferror(J27/F27,"") -> 0.0053715309 | L27: =iferror(I27/J27,"") -> 22890.333 | P27: =iferror(N27/J27,"") -> 0 | Q27: =iferror(M27-I27,"") -> -137342
B28: 칼리 | C28: 메타 | D28: 45486 | E28: 1102 | F28: 106 | G28: 288 | H28: =iferror(F28/E28,"") -> 0.096188748 | I28: 30485 | J28: 11 | K28: =iferror(J28/F28,"") -> 0.10377358 | L28: =iferror(I28/J28,"") -> 2771.3636 | P28: =iferror(N28/J28,"") -> 0 | Q28: =iferror(M28-I28,"") -> -30485 | R28: =iferror(M28/I28*100, "") -> 0 | S28: =iferror(Q28/I28,"") -> -1
A29: 팀평균 | G29: =averageif(G18:G28,">0") -> 186.02193 | H29: =averageif(H18:H28,">0") -> 0.05908119 | J29: =SUM(J18:J28) -> 194 | K29: =averageif(K18:K28,">0") -> 0.021600781 | L29: =averageif(L18:L28,">0") -> 19541.843 | M29: =SUM(M18:M28) -> 120000 | N29: =SUM(N18:N28) -> 1 | O29: =SUM(O18:O28) -> 3 | P29: =averageif(P18:P28,">0") -> 0.052631579 | R29: =averageif(R18:R28,">0") -> 0.85717653 | S29: =averageif(S18:S28,">0") -> #DIV/0!
A31: 7월 3주 7/13~7/19 (토~금) | B31: 담당자 | C31: 매체분석 | J31: DB효율 | M31: 매출분석
C32: 광고매체 | D32: 작성시점 | E32: 노출량 | F32: 클릭 | G32: 클릭당 단가 (원) CPC (광고집행비/클릭) | H32: 클릭률 CTR (클릭/노출량) | I32: 주간 집행 광고비 | J32: DB수량 | K32: DB전환률 (DB수량/클릭) | L32: DB단가 (광고비/DB수량) | M32: 수당 매출 | N32: DB 클로징 건수 | O32: 판매수량 (동반 총인원) | P32: 클로징률 (클로징건수/DB수량) | Q32: 순이익(원) | R32: ROAS (매출/광고비)*100 | S32: ROI (순이익/광고비)*100
B33: 맥스 | C33: 메타 | D33: 45492 | E33: 51922 | F33: 2712 | G33: 138 | H33: =iferror(F33/E33,"") -> 0.052232194 | I33: 442686 | J33: 42 | K33: =iferror(J33/F33,"") -> 0.015486726 | L33: =iferror(I33/J33,"") -> 10540.143 | M33: 120000 | N33: 1 | O33: 2 | P33: =iferror(N33/J33,"") -> 0.023809524 | Q33: =iferror(M33-I33,"") -> -322686 | R33: =iferror(M33/I33,"") -> 0.2710725 | S33: =iferror(Q33/I33,"") -> -0.7289275
B34: 해리 | C34: 메타 | D34: 45494 | E34: 38113 | F34: 1892 | G34: =iferror(I34/F34,"") -> 205.31924 | H34: =iferror(F34/E34,"") -> 0.049641854 | I34: 388464 | J34: 53 | K34: =iferror(J34/F34,"") -> 0.028012685 | L34: =iferror(I34/J34,"") -> 7329.5094 | M34: 240000 | N34: 1 | O34: 4 | P34: =iferror(N34/J34,"") -> 0.018867925 | Q34: =iferror(M34-I34,"") -> -148464 | R34: =iferror(M34/I34,"") -> 0.61781787 | S34: =iferror(Q34/I34,"") -> -0.38218213
B35: 로즈 | C35: 1 | D35: 7/19 밤12시까지 | E35: 34158 | F35: 1588 | G35: =iferror(I35/F35,"") -> 148.38413 | H35: =iferror(F35/E35,"") -> 0.046489841 | I35: 235634 | J35: 31 | K35: =iferror(J35/F35,"") -> 0.019521411 | L35: =iferror(I35/J35,"") -> 7601.0968 | M35: 120000 | N35: 1 | O35: 2 | P35: =iferror(N35/J35,"") -> 0.032258065 | Q35: =iferror(M35-I35,"") -> -115634 | S35: =iferror(Q35/I35,"") -> -0.49073563
B36: 오드리 | G36: =iferror(I36/F37,"") -> 0 | H36: =iferror(F37/E36,"") | K36: =iferror(J36/F37,"") -> 0 | L36: =iferror(I36/J36,"") | P36: =iferror(N36/J36,"") | Q36: =iferror(M36-I36,"") -> 0 | S36: =iferror(Q36/I36,"")
B37: 페르 | C37: 메타 | D37: 45493.047 | E37: 50341 | F37: 2562 | G37: =iferror(I37/F37,"") -> 149.30835 | H37: =iferror(F37/E37,"") -> 0.05089291 | I37: 382528 | J37: 23 | K37: =iferror(J37/F37,"") -> 0.0089773614 | L37: =iferror(I37/J37,"") -> 16631.652 | M37: 0 | N37: 0 | O37: 0 | P37: =iferror(N37/J37,"") -> 0 | Q37: =iferror(M37-I37,"") -> -382528 | R37: =iferror(M37/I37,"") -> 0 | S37: =iferror(Q37/I37,"") -> -1
B38: 나폴레온 | C38: 메타 | D38: 7/14~7/20 | E38: 38309 | F38: 2518 | G38: =iferror(I38/F38,"") -> 102.58539 | H38: =iferror(F38/E38,"") -> 0.06572868 | I38: 258310 | J38: 27 | K38: =iferror(J38/F38,"") -> 0.010722796 | L38: =iferror(I38/J38,"") -> 9567.037 | M38: 300000 | N38: 2 | O38: 4 | P38: =iferror(N38/J38,"") -> 0.074074074 | Q38: =iferror(M38-I38,"") -> 41690 | R38: =iferror(M38/I38,"") -> 1.1613952 | S38: =iferror(Q38/I38,"") -> 0.16139522
B39: 제니 | G39: =iferror(I39/F39,"") | H39: =iferror(F39/E39,"") | K39: =iferror(J39/F39,"") | L39: =iferror(I39/J39,"") | P39: =iferror(N39/J39,"") | Q39: =iferror(M39-I39,"") -> 0 | S39: =iferror(Q39/I39,"")
B40: 데이빗 | G40: =iferror(I40/F40,"") | H40: =iferror(F40/E40,"") | K40: =iferror(J40/F40,"") | L40: =iferror(I40/J40,"") | P40: =iferror(N40/J40,"") | Q40: =iferror(M40-I40,"") -> 0 | R40: =iferror(M40/I40*100, "") | S40: =iferror(Q40/I40,"")
B41: 케빈 | C41: 메타 | D41: 45493.443 | E41: 10261 | F41: 443 | G41: =iferror(I41/F41,"") -> 186.70203 | H41: =iferror(F41/E41,"") -> 0.04317318 | I41: 82709 | J41: 14 | K41: =iferror(J41/F41,"") -> 0.031602709 | L41: =iferror(I41/J41,"") -> 5907.7857 | P41: =iferror(N41/J41,"") -> 0 | Q41: =iferror(M41-I41,"") -> -82709 | S41: =iferror(Q41/I41,"") -> -1
B42: 엘리 | C42: 메타 | D42: 2024.7.20 | E42: 18252 | F42: 974 | G42: =iferror(I42/F42,"") -> 133.10986 | H42: =iferror(F42/E42,"") -> 0.053364015 | I42: 129649 | J42: 4 | K42: =iferror(J42/F42,"") -> 0.0041067762 | L42: =iferror(I42/J42,"") -> 32412.25 | P42: =iferror(N42/J42,"") -> 0 | Q42: =iferror(M42-I42,"") -> -129649 | S42: =iferror(Q42/I42,"") -> -1
B43: 칼리 | G43: =iferror(I43/F43,"") | H43: =iferror(F43/E43,"") | K43: =iferror(J43/F43,"") | L43: =iferror(I43/J43,"") | P43: =iferror(N43/J43,"") | Q43: =iferror(M43-I43,"") -> 0 | R43: =iferror(M43/I43*100, "") | S43: =iferror(Q43/I43,"")
A44: 팀평균 | G44: =averageif(G33:G43,">0") -> 151.91557 | H44: =averageif(H33:H43,">0") -> 0.051646096 | J44: =SUM(J33:J43) -> 194 | K44: =averageif(K33:K43,">0") -> 0.016918638 | L44: =averageif(L33:L43,">0") -> 12855.639 | M44: =SUM(M33:M43) -> 780000 | N44: =SUM(N33:N43) -> 5 | O44: =SUM(O33:O43) -> 12 | P44: =averageif(P33:P43,">0") -> 0.037252397 | R44: =averageif(R33:R43,">0") -> 0.68342853 | S44: =averageif(S33:S43,">0") -> 0.16139522
A46: 7월 4주 7/20~7/26 (토~금) | B46: 담당자 | C46: 매체분석 | J46: DB효율 | M46: 매출분석
C47: 광고매체 | D47: 작성시점 | E47: 노출량 | F47: 클릭 | G47: 클릭당 단가 (원) CPC (광고집행비/클릭) | H47: 클릭률 CTR (클릭/노출량) | I47: 주간 집행 광고비 | J47: DB수량 | K47: DB전환률 (DB수량/클릭) | L47: DB단가 (광고비/DB수량) | M47: 수당 매출 | N47: DB 클로징 건수 | O47: 판매수량 (동반 총인원) | P47: 클로징률 (클로징건수/DB수량) | Q47: 순이익(원) | R47: ROAS (매출/광고비)*100 | S47: ROI (순이익/광고비)*100
B48: 맥스 | C48: 메타 | D48: 45499 | E48: 66543 | F48: 3471 | G48: 126 | H48: =iferror(F48/E48,"") -> 0.05216176 | I48: 512608 | J48: 32 | K48: =iferror(J48/F48,"") -> 0.0092192452 | L48: =iferror(I48/J48,"") -> 16019 | M48: 1290000 | N48: 3 | O48: 15 | P48: =iferror(N48/J48,"") -> 0.09375 | Q48: =iferror(M48-I48,"") -> 777392 | R48: =iferror(M48/I48,"") -> 2.5165429 | S48: =iferror(Q48/I48,"") -> 1.5165429
B49: 해리 | C49: 메타 | D49: 45501 | E49: 11970 | F49: 780 | G49: =iferror(I49/F49,"") -> 352.63205 | H49: =iferror(F49/E49,"") -> 0.065162907 | I49: 275053 | J49: 68 | K49: =iferror(J49/F49,"") -> 0.087179487 | L49: =iferror(I49/J49,"") -> 4044.8971 | M49: 120000 | N49: 1 | O49: 2 | P49: =iferror(N49/J49,"") -> 0.014705882 | Q49: =iferror(M49-I49,"") -> -155053 | R49: =iferror(M49/I49,"") -> 0.43627955 | S49: =iferror(Q49/I49,"") -> -0.56372045
B50: 로즈 | C50: 4 | D50: 7/26 까지 | E50: 42205 | F50: 1741 | G50: =iferror(I50/F50,"") -> 142.77714 | H50: =iferror(F50/E50,"") -> 0.041251037 | I50: 248575 | J50: 34 | K50: =iferror(J50/F50,"") -> 0.019529006 | L50: =iferror(I50/J50,"") -> 7311.0294 | M50: 480000 | N50: 1 | O50: 8 | P50: =iferror(N50/J50,"") -> 0.029411765 | Q50: =iferror(M50-I50,"") -> 231425 | S50: =iferror(Q50/I50,"") -> 0.93100674
B51: 오드리 | H51: =iferror(F52/E51,"") | K51: =iferror(J51/F51,"") | L51: =iferror(I51/J51,"") | P51: =iferror(N51/J51,"") | Q51: =iferror(M51-I51,"") -> 0 | S51: =iferror(Q51/I51,"")
B52: 페르 | C52: 메타 | D52: 45499 | E52: 47670 | F52: 2560 | G52: =iferror(I52/F52,"") -> 170.71758 | H52: =iferror(F52/E52,"") -> 0.053702538 | I52: 437037 | J52: 23 | K52: =iferror(J52/F52,"") -> 0.008984375 | L52: =iferror(I52/J52,"") -> 19001.609 | M52: 120000 | N52: 1 | O52: 3 | P52: =iferror(N52/J52,"") -> 0.043478261 | Q52: =iferror(M52-I52,"") -> -317037 | R52: =iferror(M52/I52,"") -> 0.27457629 | S52: =iferror(Q52/I52,"") -> -0.72542371
B53: 나폴레온 | C53: 메타 | D53: 7/21~7/27 | E53: 33951 | F53: 2052 | G53: =iferror(I53/F53,"") -> 102.33772 | H53: =iferror(F53/E53,"") -> 0.060440046 | I53: 209997 | J53: 21 | K53: =iferror(J53/F53,"") -> 0.010233918 | L53: =iferror(I53/J53,"") -> 9999.8571 | M53: 480000 | N53: 2 | O53: 6 | P53: =iferror(N53/J53,"") -> 0.095238095 | Q53: =iferror(M53-I53,"") -> 270003 | R53: =iferror(M53/I53,"") -> 2.2857469 | S53: =iferror(Q53/I53,"") -> 1.2857469
B54: 제니 | G54: =iferror(I54/F54,"") | H54: =iferror(F54/E54,"") | K54: =iferror(J54/F54,"") | L54: =iferror(I54/J54,"") | Q54: =iferror(M54-I54,"") -> 0 | S54: =iferror(Q54/I54,"")
B55: 데이빗 | G55: =iferror(I55/F55,"") | H55: =iferror(F55/E55,"") | K55: =iferror(J55/F55,"") | L55: =iferror(I55/J55,"") | P55: =iferror(N55/J55,"") | Q55: =iferror(M55-I55,"") -> 0 | R55: =iferror(M55/I55*100, "") | S55: =iferror(Q55/I55,"")
B56: 케빈 | G56: =iferror(I56/F56,"") | H56: =iferror(F56/E56,"") | K56: =iferror(J56/F56,"") | L56: =iferror(I56/J56,"") | Q56: =iferror(M56-I56,"") -> 0 | S56: =iferror(Q56/I56,"")
B57: 엘리 | G57: =iferror(I57/F57,"") | H57: =iferror(F57/E57,"") | K57: =iferror(J57/F57,"") | L57: =iferror(I57/J57,"") | Q57: =iferror(M57-I57,"") -> 0 | S57: =iferror(Q57/I57,"")
B58: 칼리 | G58: =iferror(I58/F58,"") | H58: =iferror(F58/E58,"") | K58: =iferror(J58/F58,"") | L58: =iferror(I58/J58,"") | Q58: =iferror(M58-I58,"") -> 0 | R58: =iferror(M58/I58*100, "") | S58: =iferror(Q58/I58,"")
A59: 팀평균 | G59: =averageif(G48:G58,">0") -> 178.8929 | H59: =averageif(H48:H58,">0") -> 0.054543658 | J59: =SUM(J48:J58) -> 178 | K59: =averageif(K48:K58,">0") -> 0.027029206 | L59: =averageif(L48:L58,">0") -> 11275.278 | M59: =SUM(M48:M58) -> 2490000 | N59: =SUM(N48:N58) -> 8 | O59: =SUM(O48:O58) -> 34 | P59: =averageif(P48:P58,">0") -> 0.055316801 | R59: =averageif(R48:R58,">0") -> 1.3782864 | S59: =averageif(S48:S58,">0") -> 1.2444322
A61: 7월 5주 7/27~8/2 (토~금) | B61: 담당자 | C61: 매체분석 | J61: DB효율 | M61: 매출분석
C62: 광고매체 | D62: 작성시점 | E62: 노출량 | F62: 클릭 | G62: 클릭당 단가 (원) CPC (광고집행비/클릭) | H62: 클릭률 CTR (클릭/노출량) | I62: 주간 집행 광고비 | J62: DB수량 | K62: DB전환률 (DB수량/클릭) | L62: DB단가 (광고비/DB수량) | M62: 수당 매출 | N62: DB 클로징 건수 | O62: 판매수량 (동반 총인원) | P62: 클로징률 (클로징건수/DB수량) | Q62: 순이익(원) | R62: ROAS (매출/광고비)*100 | S62: ROI (순이익/광고비)*100
B63: 맥스 | C63: 메타 | D63: 45518 | E63: 70437 | F63: 3789 | G63: 138 | H63: =iferror(F63/E63,"") -> 0.053792751 | I63: 523806 | J63: 42 | K63: =iferror(J63/F63,"") -> 0.011084719 | L63: =iferror(I63/J63,"") -> 12471.571 | M63: 120000 | N63: 1 | O63: 2 | P63: =iferror(N63/J63,"") -> 0.023809524 | Q63: =iferror(M63-I63,"") -> -403806 | R63: =iferror(M63/I63,"") -> 0.22909245 | S63: =iferror(Q63/I63,"") -> -0.77090755
B64: 해리 | C64: 메타 | D64: 45508 | E64: 14664 | F64: 762 | G64: =iferror(I64/F64,"") -> 389.94488 | H64: =iferror(F64/E64,"") -> 0.051963993 | I64: 297138 | J64: 76 | K64: =iferror(J64/F64,"") -> 0.099737533 | L64: =iferror(I64/J64,"") -> 3909.7105 | M64: 540000 | N64: 4 | O64: 10 | P64: =iferror(N64/J64,"") -> 0.052631579 | Q64: =iferror(M64-I64,"") -> 242862 | R64: =iferror(M64/I64,"") -> 1.8173374 | S64: =iferror(Q64/I64,"") -> 0.8173374
B65: 로즈 | C65: 3 | D65: 8/2까지 | E65: 43732 | F65: 1763 | G65: =iferror(I65/F65,"") -> 147.76971 | H65: =iferror(F65/E65,"") -> 0.040313729 | I65: 260518 | J65: 29 | K65: =iferror(J65/F65,"") -> 0.016449234 | L65: =iferror(I65/J65,"") -> 8983.3793 | M65: 360000 | N65: 2 | O65: 6 | P65: =iferror(N65/J65,"") -> 0.068965517 | Q65: =iferror(M65-I65,"") -> 99482 | R65: =iferror(M65/I65,"") -> 1.3818623 | S65: =iferror(Q65/I65,"") -> 0.38186229
B66: 오드리 | G66: =iferror(I66/F67,"") -> 0 | H66: =iferror(F67/E66,"") | K66: =iferror(J66/F66,"") | L66: =iferror(I66/J66,"") | P66: =iferror(N66/J66,"") | Q66: =iferror(M66-I66,"") -> 0 | S66: =iferror(Q66/I66,"")
B67: 페르 | C67: 메타 | D67: 45509 | E67: 27988 | F67: 1330 | G67: =iferror(I67/F67,"") -> 278.30451 | H67: =iferror(F67/E67,"") -> 0.047520366 | I67: 370145 | J67: 80 | K67: =iferror(J67/F67,"") -> 0.060150376 | L67: =iferror(I67/J67,"") -> 4626.8125 | M67: 0 | N67: 0 | O67: 0 | P67: =iferror(N67/J67,"") -> 0 | Q67: =iferror(M67-I67,"") -> -370145 | R67: =iferror(M67/I67,"") -> 0 | S67: =iferror(Q67/I67,"") -> -1
B68: 나폴레온 | C68: 메타 | D68: 7/28~7/31 | E68: 16738 | F68: 1105 | G68: =iferror(I68/F68,"") -> 93.004525 | H68: =iferror(F68/E68,"") -> 0.066017445 | I68: 102770 | J68: 4 | K68: =iferror(J68/F68,"") -> 0.0036199095 | L68: =iferror(I68/J68,"") -> 25692.5 | M68: 0 | N68: 0 | O68: 0 | P68: =iferror(N68/J68,"") -> 0 | Q68: =iferror(M68-I68,"") -> -102770 | R68: =iferror(M68/I68,"") -> 0 | S68: =iferror(Q68/I68,"") -> -1
B69: 제니 | G69: =iferror(I69/F69,"") | H69: =iferror(F69/E69,"") | K69: =iferror(J69/F69,"") | L69: =iferror(I69/J69,"") | Q69: =iferror(M69-I69,"") -> 0 | S69: =iferror(Q69/I69,"")
B70: 데이빗 | G70: =iferror(I70/F70,"") | H70: =iferror(F70/E70,"") | K70: =iferror(J70/F70,"") | L70: =iferror(I70/J70,"") | P70: =iferror(N70/J70,"") | Q70: =iferror(M70-I70,"") -> 0 | R70: =iferror(M70/I70*100, "") | S70: =iferror(Q70/I70,"")
B71: 케빈 | G71: =iferror(I71/F71,"") | H71: =iferror(F71/E71,"") | K71: =iferror(J71/F71,"") | L71: =iferror(I71/J71,"") | Q71: =iferror(M71-I71,"") -> 0 | S71: =iferror(Q71/I71,"")
B72: 엘리 | G72: =iferror(I72/F72,"") | H72: =iferror(F72/E72,"") | K72: =iferror(J72/F72,"") | L72: =iferror(I72/J72,"") | Q72: =iferror(M72-I72,"") -> 0 | S72: =iferror(Q72/I72,"")
B73: 칼리 | G73: =iferror(I73/F73,"") | H73: =iferror(F73/E73,"") | K73: =iferror(J73/F73,"") | L73: =iferror(I73/J73,"") | Q73: =iferror(M73-I73,"") -> 0 | R73: =iferror(M73/I73*100, "") | S73: =iferror(Q73/I73,"")
A74: 팀평균 | G74: =averageif(G63:G73,">0") -> 209.40473 | H74: =averageif(H63:H73,">0") -> 0.051921657 | J74: =SUM(J63:J73) -> 231 | K74: =averageif(K63:K73,">0") -> 0.038208354 | L74: =averageif(L63:L73,">0") -> 11136.795 | M74: =SUM(M63:M73) -> 1020000 | N74: =SUM(N63:N73) -> 7 | O74: =SUM(O63:O73) -> 18 | P74: =averageif(P63:P73,">0") -> 0.048468873 | R74: =averageif(R63:R73,">0") -> 1.142764 | S74: =averageif(S63:S73,">0") -> 0.59959984
A76: 개인별 월간 통계 | B76: 담당자 | C76: 매체분석 | J76: DB효율 | M76: 매출분석
C77: 광고매체 | D77: 작성시점 | E77: 노출량 | F77: 클릭 | G77: 클릭당 단가 (원) CPC (광고집행비/클릭) | H77: 클릭률 CTR (클릭/노출량) | I77: 월간 집행 광고비 | J77: DB수량 | K77: DB전환률 (DB수량/클릭) | L77: DB단가 (광고비/DB수량) | M77: 수당 매출 | N77: DB 클로징 건수 | O77: 판매수량 (동반 총인원) | P77: 클로징률 (클로징건수/DB수량) | Q77: 순이익(원) | R77: ROAS (매출/광고비)*100 | S77: ROI (순이익/광고비)*100
B78: 맥스 | C78: 메타 | E78: =SUM(E3,E18,E33,E48,E63) -> 245035 | F78: =SUM(F3,F18,F33,F48,F63) -> 12840 | G78: =iferror(I78/F78,"") -> 158.43061 | H78: =iferror(F78/E78,"") -> 0.052400677 | I78: =SUM(I3,I18,I33,I48,I63) -> 2034249 | J78: =SUM(J3,J18,J33,J48,J63) -> 161 | K78: =iferror(J78/F78,"") -> 0.012538941 | L78: =iferror(I78/J78,"") -> 12635.087 | M78: =SUM(M3,M18,M33,M48,M63) -> 1530000 | N78: =SUM(N3,N18,N33,N48,N63) -> 5 | O78: =SUM(O3,O18,O33,O48,O63) -> 19 | P78: =iferror(N78/J78,"") -> 0.031055901 | Q78: =iferror(M78-I78,"") -> -504249 | R78: =iferror(M78/I78,"") -> 0.75212032 | S78: =iferror(Q78/I78,"") -> -0.24787968
B79: 해리 | C79: 메타 | E79: =SUM(E4,E19,E34,E49,E64) -> 107378 | F79: =SUM(F4,F19,F34,F49,F64) -> 6078 | G79: =iferror(I79/F79,"") -> 244.03159 | H79: =iferror(F79/E79,"") -> 0.056603774 | I79: =SUM(I4,I19,I34,I49,I64) -> 1483224 | J79: =SUM(J4,J19,J34,J49,J64) -> 244 | K79: =iferror(J79/F79,"") -> 0.040144784 | L79: =iferror(I79/J79,"") -> 6078.7869 | M79: =SUM(M4,M19,M34,M49,M64) -> 1020000 | N79: =SUM(N4,N19,N34,N49,N64) -> 7 | O79: 18 | P79: =iferror(N79/J79,"") -> 0.028688525 | Q79: =iferror(M79-I79,"") -> -463224 | R79: =iferror(M79/I79,"") -> 0.68769114 | S79: =iferror(Q79/I79,"") -> -0.31230886
B80: 로즈 | C80: =SUM(C5,C20,C35,C50,C65) -> 8 | E80: =SUM(E5,E20,E35,E50,E65) -> 156100 | F80: =SUM(F5,F20,F35,F50,F65) -> 6888 | G80: =iferror(I80/F80,"") -> 150.00029 | H80: =iferror(F80/E80,"") -> 0.044125561 | I80: =SUM(I5,I20,I35,I50,I65) -> 1033202 | J80: =SUM(J5,J20,J35,J50,J65) -> 130 | K80: =iferror(J80/F80,"") -> 0.018873403 | L80: =iferror(I80/J80,"") -> 7947.7077 | M80: =SUM(M5,M20,M35,M50,M65) -> 960000 | N80: =SUM(N5,N20,N35,N50,N65) -> 4 | O80: =SUM(O5,O20,O35,O50,O65) -> 16 | P80: =iferror(N80/J80,"") -> 0.030769231 | Q80: =iferror(M80-I80,"") -> -73202 | R80: =iferror(M80/I80,"") -> 0.92915035 | S80: =iferror(Q80/I80,"") -> -0.07084965
B81: 오드리 | E81: =SUM(E6,E21,E36,E51,E66) -> 2533 | F81: =SUM(F6,F21,F36,F51,F66) -> 227 | G81: =iferror(I81/F81,"") -> 158.91189 | H81: =iferror(F81/E81,"") -> 0.089617055 | I81: =SUM(I6,I21,I36,I51,I66) -> 36073 | J81: =SUM(J6,J21,J36,J51,J66) -> 4 | K81: =iferror(J81/F81,"") -> 0.017621145 | L81: =iferror(I81/J81,"") -> 9018.25 | Q81: =iferror(M81-I81,"") -> -36073
B82: 페르 | C82: 메타 | E82: =SUM(E7,E22,E37,E52,E67) -> 170375 | F82: =SUM(F7,F22,F37,F52,F67) -> 8738 | G82: =iferror(I82/F82,"") -> 178.08492 | H82: =iferror(F82/E82,"") -> 0.051286867 | I82: =SUM(I7,I22,I37,I52,I67) -> 1556106 | J82: =SUM(J7,J22,J37,J52,J67) -> 149 | K82: =iferror(J82/F82,"") -> 0.017051957 | L82: =iferror(I82/J82,"") -> 10443.664 | M82: =SUM(M7,M22,M37,M52,M67) -> 120000 | N82: =SUM(N7,N22,N37,N52,N67) -> 1 | O82: =SUM(O7,O22,O37,O52,O67) -> 3 | P82: =iferror(N82/J82,"") -> 0.0067114094 | Q82: =iferror(M82-I82,"") -> -1436106 | R82: =iferror(M82/I82,"") -> 0.077115569 | S82: =iferror(Q82/I82,"") -> -0.92288443
B83: 나폴레온 | C83: 메타 | E83: =SUM(E8,E23,E38,E53,E68) -> 132181 | F83: =SUM(F8,F23,F38,F53,F68) -> 9388 | G83: =iferror(I83/F83,"") -> 98.800277 | H83: =iferror(F83/E83,"") -> 0.071023823 | I83: =SUM(I8,I23,I38,I53,I68) -> 927537 | J83: =SUM(J8,J23,J38,J53,J68) -> 118 | K83: =iferror(J83/F83,"") -> 0.012569237 | L83: =iferror(I83/J83,"") -> 7860.4831 | M83: =SUM(M8,M23,M38,M53,M68) -> 1140000 | N83: =SUM(N8,N23,N38,N53,N68) -> 7 | O83: =SUM(O8,O23,O38,O53,O68) -> 18 | P83: =iferror(N83/J83,"") -> 0.059322034 | Q83: =iferror(M83-I83,"") -> 212463 | R83: =iferror(M83/I83,"") -> 1.2290615 | S83: =iferror(Q83/I83,"") -> 0.22906148
B84: 제니 | E84: =SUM(E9,E24,E39,E54,E69) -> 23215 | F84: =SUM(F9,F24,F39,F54,F69) -> 1142 | G84: =iferror(I84/F84,"") -> 217.37566 | H84: =iferror(F84/E84,"") -> 0.049192333 | I84: =SUM(I9,I24,I39,I54,I69) -> 248243 | J84: =SUM(J9,J24,J39,J54,J69) -> 16 | K84: =iferror(J84/F84,"") -> 0.014010508 | L84: =iferror(I84/J84,"") -> 15515.188 | Q84: =iferror(M84-I84,"") -> -248243
B85: 데이빗 | E85: =SUM(E10,E25,E40,E55,E70) -> 29260 | F85: =SUM(F10,F25,F40,F55,F70) -> 1605 | G85: =iferror(I85/F85,"") -> 137.27103 | H85: =iferror(F85/E85,"") -> 0.054853042 | I85: =SUM(I10,I25,I40,I55,I70) -> 220320 | J85: =SUM(J10,J25,J40,J55,J70) -> 29 | K85: =iferror(J85/F85,"") -> 0.018068536 | L85: =iferror(I85/J85,"") -> 7597.2414 | Q85: =iferror(M85-I85,"") -> -220320
B86: 케빈 | E86: =SUM(E11,E26,E41,E56,E71) -> 24917 | F86: =SUM(F11,F26,F41,F56,F71) -> 1298 | G86: =iferror(I86/F86,"") -> 243.10709 | H86: =iferror(F86/E86,"") -> 0.052092949 | I86: =SUM(I11,I26,I41,I56,I71) -> 315553 | J86: =SUM(J11,J26,J41,J56,J71) -> 18 | K86: =iferror(J86/F86,"") -> 0.013867488 | L86: =iferror(I86/J86,"") -> 17530.722 | Q86: =iferror(M86-I86,"") -> -315553
B87: 엘리 | E87: =SUM(E12,E27,E42,E57,E72) -> 48354 | F87: =SUM(F12,F27,F42,F57,F72) -> 2761 | G87: =iferror(I87/F87,"") -> 128.02572 | H87: =iferror(F87/E87,"") -> 0.057099723 | I87: =SUM(I12,I27,I42,I57,I72) -> 353479 | J87: =SUM(J12,J27,J42,J57,J72) -> 20 | K87: =iferror(J87/F87,"") -> 0.0072437523 | L87: =iferror(I87/J87,"") -> 17673.95 | Q87: =iferror(M87-I87,"") -> -353479
B88: 칼리 | E88: =SUM(E13,E28,E43,E58,E73) -> 1102 | F88: =SUM(F13,F28,F43,F58,F73) -> 106 | G88: =iferror(I88/F88,"") -> 287.59434 | H88: =iferror(F88/E88,"") -> 0.096188748 | I88: =SUM(I13,I28,I43,I58,I73) -> 30485 | J88: =SUM(J13,J28,J43,J58,J73) -> 11 | K88: =iferror(J88/F88,"") -> 0.10377358 | L88: =iferror(I88/J88,"") -> 2771.3636 | Q88: =iferror(M88-I88,"") -> -30485
A89: 팀평균 | G89: =averageif(G78:G88,">0") -> 181.96667 | H89: =averageif(H78:H88,">0") -> 0.061316777 | J89: =SUM(J78:J88) -> 900 | K89: =averageif(K78:K88,">0") -> 0.025069394 | L89: =averageif(L78:L88,">0") -> 10461.131 | M89: =SUM(M78:M88) -> 4770000 | N89: =SUM(N78:N88) -> 24 | O89: =SUM(O78:O88) -> 74 | P89: =averageif(P78:P88,">0") -> 0.03130942 | R89: =averageif(R78:R88,">0") -> 0.73502777 | S89: =averageif(S78:S88,">0") -> 0.22906148
